pair,BRCA_r,BRCA_p,BRCA_n,COAD_r,COAD_p,COAD_n,LUAD_r,LUAD_p,LUAD_n,GBM_r,GBM_p,GBM_n,UCEC_r,UCEC_p,UCEC_n,LUSC_r,LUSC_p,LUSC_n,PDAC_r,PDAC_p,PDAC_n
PIK3CA↔PIK3CB,0.09480021731933297,0.29896078016634453,122.0,0.3691124547319661,0.05812716352419936,27.0,0.28191052806233496,0.002847949220784808,110.0,0.38464049243697473,8.464054522590638e-05,99.0,0.04243760164789641,0.683024901530627,95.0,-0.0670454341637071,0.49055565653265837,108.0,,,
BRCA1↔BRCA2,-0.08550711841152803,0.4393087953057917,84.0,,,,,,,,,,,,,-0.27127583663701377,0.013113733051281874,83.0,-0.44304345989321753,0.11260662723492447,14.0
EP300↔CREBBP,0.2630064235239971,0.0034246319964025894,122.0,0.5099764076840332,0.0001319920104202681,51.0,0.37990335085842114,4.248885694001708e-05,110.0,0.5014746965732291,1.2414408127965953e-07,99.0,0.08091502708869477,0.43568465640149573,95.0,0.3715975947973293,7.508372589200507e-05,108.0,0.1307203499055682,0.1236943332717054,140.0
PPP2R1A↔PPP2R1B,0.00803582965295432,0.9299988190688041,122.0,,,,,,,-0.2575908186633596,0.010051903917886544,99.0,,,,-0.028632610388977783,0.768638176527229,108.0,0.24358598583362737,0.003730163089907431,140.0
AKT1↔AKT2,0.2710383344175885,0.002530830030568469,122.0,0.21092449854551448,0.05715288914516556,82.0,,,,0.5464162170083747,4.901896910561851e-09,99.0,0.2330484443665291,0.02303846980641884,95.0,,,,0.4087914703533597,5.320439859207808e-07,140.0
KRAS↔NRAS,0.2443684243821096,0.0066756661134678,122.0,0.29355903167943603,0.019538329404370502,63.0,,,,0.3298159035538286,0.0008568472366948078,99.0,0.20008983580767958,0.05188036339138397,95.0,0.06593840143938301,0.4977611175202034,108.0,0.4311436252244185,1.050132396064563e-07,140.0
PTEN↔TNS2,0.35674967470214786,5.497368395258063e-05,122.0,0.059468009389213275,0.6026458308392451,79.0,0.427365454946613,3.2175940800368964e-06,110.0,0.20450999378974472,0.04230369058604418,99.0,0.4445673247619423,6.38013868645208e-06,95.0,,,,0.004737642535968062,0.9556968886050091,140.0
PTEN↔TNS1,0.30314534339995475,0.0016697086946525076,105.0,,,,,,,0.11830867855138097,0.24349007148045224,99.0,0.3608030577493715,0.0003282738004785164,95.0,0.37037452832363493,7.962440399892243e-05,108.0,0.4403294326713454,5.2068517731242845e-08,140.0
NF1↔RASA2,-0.19762414561395383,0.02911503200018271,122.0,0.15392741843014585,0.1673658258803244,82.0,0.009691778926288907,0.9199557916674188,110.0,0.07256615589154031,0.475353268106212,99.0,0.31592248455605954,0.001816183651978285,95.0,-0.10405596129031493,0.2838500645531723,108.0,-0.035239662416173656,0.6793491113422615,140.0
NF1↔RASA1,0.1575306167643187,0.08311212447568256,122.0,0.03790673341722354,0.7289570842298013,86.0,-0.05461299653759456,0.5709411998485004,110.0,-0.11688257185477623,0.24925901316835775,99.0,0.19100970364785605,0.06371093298664146,95.0,0.33835748669292054,0.0003414405510423267,108.0,,,
ATR↔ATM,0.26555398860944396,0.003114421112734551,122.0,,,,0.15903461285598125,0.09701618337753565,110.0,0.23610081586041248,0.018637491976206542,99.0,0.19730757078511532,0.055295951242414584,95.0,,,,0.14407573714447947,0.18833504964497155,85.0
KMT2D↔KMT2C,0.30076754034212844,0.000762169453335675,122.0,,,,0.3470153214460647,0.0002039652870814839,110.0,,,,0.042022152197491475,0.6859643146929122,95.0,0.08397261819955323,0.3875648502882357,108.0,0.13473389647113357,0.594012426014429,18.0
BRAF↔RAF1,0.18862910579399295,0.037457199936135804,122.0,,,,,,,0.04902978407431961,0.6298524575868306,99.0,,,,0.6036224172660182,4.687421578626054e-12,108.0,-0.2045333092339537,0.02442620392278877,121.0
SMARCA4↔SMARCA2,,,,-0.15647994602624327,0.13633621387339967,92.0,,,,0.18685154075469698,0.06404259222884283,99.0,-0.003127990203540388,0.9759997900719412,95.0,0.00679425439551154,0.948748944755764,92.0,-0.045088865679896055,0.5968160336890148,140.0
CDK4↔CDK6,,,,-0.12232619175310955,0.25901389776671563,87.0,-0.1325701423282729,0.1673939510792939,110.0,,,,0.11737268533949079,0.25730526221486044,95.0,,,,,,
KRAS↔HRAS,,,,0.23748158083009618,0.3275881300853015,19.0,,,,0.5512197179890862,3.371836771229494e-09,99.0,0.09721967288748297,0.37898477847068074,84.0,0.6670032504660613,3.244915571021587e-15,108.0,0.1003514160910475,0.5378213494976825,40.0
HRAS↔NRAS,,,,-0.3332263074258873,0.24433090367684407,14.0,0.3257063501219817,0.0005162172535020528,110.0,0.43819471230024903,5.727839317572494e-06,99.0,0.23723391115390746,0.029793421850924266,84.0,0.2343422753736406,0.01464210903377883,108.0,0.07239569551456991,0.657089690625116,40.0
PIK3R1↔CRKL,,,,-0.16215083725412616,0.12252289239533123,92.0,0.31180767674199233,0.0009132125065420782,110.0,0.002893173603309435,0.977326238623663,99.0,0.1896883968787997,0.0656022224869687,95.0,-0.10216128506247497,0.2927569742800638,108.0,-0.032276353930012686,0.7050044295145601,140.0
PIK3R1↔CRK,,,,-0.2596973178861448,0.012422070001373468,92.0,0.021816881053357072,0.8210222235966799,110.0,0.021121585612123104,0.8356106335823751,99.0,0.20356595311165393,0.04785891275043513,95.0,0.03737634433245243,0.7009482016618526,108.0,0.04059152116843261,0.633949203847563,140.0
RB1↔RBL2,,,,-0.10143335932613073,0.4569615633707873,56.0,-0.14882714472335143,0.12072529622338411,110.0,0.15774214945872933,0.11891092142826026,99.0,-0.16639030341520897,0.10705810703943955,95.0,0.12481615739917282,0.1980686353070357,108.0,,,
RB1↔RBL1,,,,,,,-0.0055294972881776774,0.9719273468988362,43.0,0.06508936123274926,0.6709848365565624,45.0,0.16141647629623077,0.23031265929251563,57.0,-0.09452090991964501,0.4104206798739464,78.0,0.3960462447313756,0.2024980791104926,12.0
CDH1↔CDH2,,,,,,,-0.00749138924752009,0.9543062512061348,61.0,0.23912046316252072,0.017139947994790575,99.0,-0.1146996239473706,0.26837548779140596,95.0,-0.3448286868551542,0.0026237756509828866,74.0,,,
MAP2K1↔MAP2K2,,,,,,,,,,0.13585755542564348,0.17997770595523926,99.0,0.30682363968999765,0.0024924341152563903,95.0,0.401802807230524,1.6313588968529398e-05,108.0,0.4057881420609696,6.558500117770406e-07,140.0
TP53↔TP63,,,,,,,,,,,,,,,,0.09403589655248892,0.33303169299184643,108.0,0.30953950986295453,0.18415658639210714,20.0
ARID1A↔ARID1B,,,,,,,,,,,,,,,,0.36167988392607253,0.00012006363040441304,108.0,,,
TP53↔TP73,,,,,,,,,,,,,,,,0.09252520749017656,0.3408909256623671,108.0,,,
