cohort,pair,gene_a,gene_b,purity_attribute,purity_level,n_matched,protein_r_full,protein_p_full,protein_n_full,protein_r_matched,protein_p_matched,partial_r,partial_p,delta_r,abs_delta_r,protein_q_bh_full,protein_q_bh_matched,partial_q_bh
BRCA,PIK3CA↔PIK3CB,PIK3CA,PIK3CB,ESTIMATE_TUMORPURITY,PATIENT,122,0.0948002173193329,0.2989607801663445,122,0.09480021731933296,0.29896078016634103,0.12640738689039804,0.16531556265251535,0.03160716957106509,0.03160716957106509,0.597921560332689,0.5979215603326821,0.3306311253050307
BRCA,BRCA1↔BRCA2,BRCA1,BRCA2,ESTIMATE_TUMORPURITY,PATIENT,84,-0.085507118411528,0.4393087953057917,84,-0.08550711841152804,0.43930879530579103,-0.08482991566506907,0.4429544276967738,0.0006772027464589658,0.0006772027464589658,0.4393087953057917,0.43930879530579103,0.4429544276967738
BRCA,EP300↔CREBBP,EP300,CREBBP,ESTIMATE_TUMORPURITY,PATIENT,122,0.2630064235239971,0.0034246319964025,122,0.2630064235239971,0.0034246319964025907,0.25906946366745953,0.003958851697125598,-0.003936959856537581,0.003936959856537581,0.004566175995203333,0.004566175995203454,0.005278468929500797
BRCA,PPP2R1A↔PPP2R1B,PPP2R1A,PPP2R1B,ESTIMATE_TUMORPURITY,PATIENT,122,0.0080358296529543,0.929998819068804,122,0.008035829652954362,0.9299988190688036,-0.0006368511136668111,0.9944453031346003,-0.008672680766621173,0.008672680766621173,0.929998819068804,0.9299988190688036,0.9944453031346003
BRCA,AKT1↔AKT2,AKT1,AKT2,ESTIMATE_TUMORPURITY,PATIENT,122,0.2710383344175885,0.0025308300305684,122,0.27103833441758846,0.0025308300305684913,0.26975311593194085,0.0026579433657568556,-0.00128521848564761,0.00128521848564761,0.0050616600611368,0.005061660061136983,0.005315886731513711
BRCA,KRAS↔NRAS,KRAS,NRAS,ESTIMATE_TUMORPURITY,PATIENT,122,0.2443684243821096,0.0066756661134678,122,0.2443684243821096,0.006675666113467775,0.2354581016449315,0.009034111404852902,-0.008910322737178095,0.008910322737178095,0.020026998340403397,0.020026998340403328,0.027102334214558706
BRCA,PTEN↔TNS2,PTEN,TNS2,ESTIMATE_TUMORPURITY,PATIENT,122,0.3567496747021478,5.497368395258063e-05,122,0.3567496747021479,5.497368395258065e-05,0.33639541021767744,0.00015163329731550262,-0.020354264484470475,0.020354264484470475,5.497368395258063e-05,5.497368395258065e-05,0.00015163329731550262
BRCA,PTEN↔TNS1,PTEN,TNS1,ESTIMATE_TUMORPURITY,PATIENT,105,0.3031453433999547,0.0016697086946525,105,0.30314534339995475,0.0016697086946525076,0.277775668581485,0.0041181275550805155,-0.025369674818469745,0.025369674818469745,0.0016697086946525,0.002504563041978761,0.006177191332620773
BRCA,NF1↔RASA2,NF1,RASA2,ESTIMATE_TUMORPURITY,PATIENT,122,-0.1976241456139538,0.0291150320001827,122,-0.19762414561395383,0.029115032000182697,-0.1388945365215269,0.1270715109501139,0.05872960909242694,0.05872960909242694,0.0582300640003654,0.05823006400036539,0.2541430219002278
BRCA,NF1↔RASA1,NF1,RASA1,ESTIMATE_TUMORPURITY,PATIENT,122,0.1575306167643187,0.0831121244756825,122,0.15753061676431873,0.08311212447568292,0.15013721217709186,0.09881657786201506,-0.0073934045872268706,0.0073934045872268706,0.11081616596757667,0.11081616596757722,0.1317554371493534
BRCA,ATR↔ATM,ATR,ATM,ESTIMATE_TUMORPURITY,PATIENT,122,0.2655539886094439,0.0031144211127345,122,0.265553988609444,0.003114421112734552,0.3132252748963384,0.00044324658562980784,0.047671286286894377,0.047671286286894377,0.009343263338203501,0.009343263338203657,0.0013297397568894235
BRCA,KMT2D↔KMT2C,KMT2D,KMT2C,ESTIMATE_TUMORPURITY,PATIENT,122,0.3007675403421284,0.0007621694533356,122,0.3007675403421284,0.000762169453335675,0.30116980055373677,0.0007492220627753715,0.0004022602116083851,0.0004022602116083851,0.0015243389066712,0.00152433890667135,0.002996888251101486
BRCA,BRAF↔RAF1,BRAF,RAF1,ESTIMATE_TUMORPURITY,PATIENT,122,0.1886291057939929,0.0374571999361358,122,0.18862910579399295,0.03745719993613578,0.19658619919119874,0.029988962219271217,0.007957093397205794,0.007957093397205794,0.0374571999361358,0.03745719993613578,0.029988962219271217
LUAD,PIK3CA↔PIK3CB,PIK3CA,PIK3CB,TUMOR_PURITY_BYESTIMATE_RNASEQ,SAMPLE,109,0.2819105280623349,0.0028479492207848,110,0.28162113742264305,0.0030110978687371845,0.2588869591329551,0.006563750924286873,-0.022734178289687934,0.022734178289687934,0.0113917968831392,0.012044391474948738,0.02625500369714749
LUAD,EP300↔CREBBP,EP300,CREBBP,TUMOR_PURITY_BYESTIMATE_RNASEQ,SAMPLE,109,0.3799033508584211,4.248885694001708e-05,110,0.4012344355482025,1.5333597490856335e-05,0.38800873820259874,3.0625506805949915e-05,-0.013225697345603749,0.013225697345603749,0.00015016745178401015,6.133438996342534e-05,0.00012250202722379966
LUAD,PTEN↔TNS2,PTEN,TNS2,TUMOR_PURITY_BYESTIMATE_RNASEQ,SAMPLE,109,0.427365454946613,3.2175940800368964e-06,110,0.4280256620672642,3.439741504630075e-06,0.439844464908053,1.7062664242925457e-06,0.011818802840788789,0.011818802840788789,9.57020802967812e-06,9.57020802967812e-06,5.118799272877637e-06
LUAD,NF1↔RASA2,NF1,RASA2,TUMOR_PURITY_BYESTIMATE_RNASEQ,SAMPLE,109,0.0096917789262889,0.9199557916674188,110,0.002032145523626405,0.9832682765231917,0.09106231661509294,0.34633794363373194,0.08903017109146653,0.08903017109146653,0.9199557916674188,0.9832682765231917,0.4617839248449759
LUAD,NF1↔RASA1,NF1,RASA1,TUMOR_PURITY_BYESTIMATE_RNASEQ,SAMPLE,109,-0.0546129965375945,0.5709411998485004,110,-0.05674067750913743,0.5578533943153234,-0.048388826133626106,0.6173125817441594,0.008351851375511324,0.008351851375511324,0.5709411998485004,0.5578533943153234,0.6173125817441594
LUAD,ATR↔ATM,ATR,ATM,TUMOR_PURITY_BYESTIMATE_RNASEQ,SAMPLE,109,0.1590346128559812,0.0970161833775356,110,0.1518755467866867,0.11490907608687351,0.13735636993109865,0.15436831448785202,-0.01451917685558804,0.01451917685558804,0.0970161833775356,0.11490907608687351,0.15436831448785202
LUAD,KMT2D↔KMT2C,KMT2D,KMT2C,TUMOR_PURITY_BYESTIMATE_RNASEQ,SAMPLE,109,0.3470153214460647,0.0002039652870814,110,0.3448483527943028,0.00024054316386886115,0.2325513273392289,0.014958765746073677,-0.11229702545507392,0.11229702545507392,0.0008158611483256,0.0009621726554754446,0.029917531492147355
LUAD,CDK4↔CDK6,CDK4,CDK6,TUMOR_PURITY_BYESTIMATE_RNASEQ,SAMPLE,109,-0.1325701423282729,0.1673939510792939,110,-0.1320736831325347,0.17099992220747598,-0.14617564833884045,0.12934665719970004,-0.014101965206305744,0.014101965206305744,0.2573052622148604,0.25730526221486133,0.2586933143994001
LUAD,HRAS↔NRAS,HRAS,NRAS,TUMOR_PURITY_BYESTIMATE_RNASEQ,SAMPLE,109,0.3257063501219817,0.000516217253502,110,0.32312087253489796,0.0006102925015736491,0.3404337288508381,0.0002922532344390561,0.01731285631594015,0.01731285631594015,0.001548651760506,0.0018308775047209472,0.0008767597033171682
LUAD,PIK3R1↔CRKL,PIK3R1,CRKL,TUMOR_PURITY_BYESTIMATE_RNASEQ,SAMPLE,109,0.3118076767419923,0.000913212506542,110,0.32768616987485977,0.000504690517462774,0.2305781384865932,0.015858701826643326,-0.09710803138826657,0.09710803138826657,0.002739637519626,0.0015140715523883222,0.04757610547992998
LUAD,PIK3R1↔CRK,PIK3R1,CRK,TUMOR_PURITY_BYESTIMATE_RNASEQ,SAMPLE,109,0.021816881053357,0.8210222235966799,110,0.04497145661173255,0.6424057061975115,0.10908874246736132,0.25882904853785416,0.06411728585562876,0.06411728585562876,0.8210222235966799,0.6468636376809176,0.38824357280678123
LUAD,RB1↔RBL2,RB1,RBL2,TUMOR_PURITY_BYESTIMATE_RNASEQ,SAMPLE,109,-0.1488271447233514,0.1207252962233841,110,-0.14836962191527367,0.12363325906995422,-0.13705319275770503,0.15528876466173155,0.011316429157568642,0.011316429157568642,0.18108794433507613,0.12363325906995422,0.15528876466173155
LUAD,RB1↔RBL1,RB1,RBL1,TUMOR_PURITY_BYESTIMATE_RNASEQ,SAMPLE,42,-0.0055294972881776,0.9719273468988362,43,0.0035121032889898554,0.9823887836455917,-0.10056695897600654,0.5262836596537714,-0.10407906226499639,0.10407906226499639,0.9719273468988362,0.9823887836455917,0.5262836596537714
LUAD,CDH1↔CDH2,CDH1,CDH2,TUMOR_PURITY_BYESTIMATE_RNASEQ,SAMPLE,61,-0.00749138924752,0.9543062512061348,61,-0.007491389247520103,0.9543062512061348,-0.2889025452095729,0.023938935739419742,-0.2814111559620528,0.2814111559620528,0.9543062512061348,0.9543062512061348,0.03590840360912961
UCEC,PIK3CA↔PIK3CB,PIK3CA,PIK3CB,CIBERSORT_ABSOLUTE _SCORE,SAMPLE,95,0.0424376016478964,0.683024901530627,95,0.04243760164789642,0.6830249015306277,0.02345576049930017,0.8214946550084798,-0.018981841148596253,0.018981841148596253,0.683024901530627,0.6830249015306277,0.8214946550084798
UCEC,EP300↔CREBBP,EP300,CREBBP,CIBERSORT_ABSOLUTE _SCORE,SAMPLE,95,0.0809150270886947,0.4356846564014957,95,0.08091502708869477,0.43568465640149523,0.09699261173575785,0.3497578476693497,0.016077584647063076,0.016077584647063076,0.4356846564014957,0.43568465640149523,0.3497578476693497
UCEC,AKT1↔AKT2,AKT1,AKT2,CIBERSORT_ABSOLUTE _SCORE,SAMPLE,95,0.2330484443665291,0.0230384698064188,95,0.23304844436652916,0.023038469806418948,0.2229104407967321,0.02990862765887626,-0.01013800356979705,0.01013800356979705,0.0230384698064188,0.023038469806418948,0.02990862765887626
UCEC,KRAS↔NRAS,KRAS,NRAS,CIBERSORT_ABSOLUTE _SCORE,SAMPLE,95,0.2000898358076795,0.0518803633913839,95,0.20008983580767958,0.05188036339138383,0.18782112182603578,0.06835238027085684,-0.012268713981643808,0.012268713981643808,0.07782054508707585,0.07782054508707574,0.10252857040628527
UCEC,PTEN↔TNS2,PTEN,TNS2,CIBERSORT_ABSOLUTE _SCORE,SAMPLE,95,0.4445673247619423,6.38013868645208e-06,95,0.44456732476194233,6.38013868645208e-06,0.43726977833599107,9.390559984978863e-06,-0.007297546425951262,0.007297546425951262,9.57020802967812e-06,9.57020802967812e-06,1.4085839977468296e-05
UCEC,PTEN↔TNS1,PTEN,TNS1,CIBERSORT_ABSOLUTE _SCORE,SAMPLE,95,0.3608030577493715,0.0003282738004785,95,0.3608030577493715,0.00032827380047851634,0.3571774471825239,0.0003805593750393397,-0.00362561056684757,0.00362561056684757,0.0004924107007177501,0.000984821401435549,0.001141678125118019
UCEC,NF1↔RASA2,NF1,RASA2,CIBERSORT_ABSOLUTE _SCORE,SAMPLE,95,0.3159224845560595,0.0018161836519782,95,0.3159224845560595,0.001816183651978285,0.38697867937893865,0.00010709119931112919,0.07105619482287917,0.07105619482287917,0.0072647346079128,0.00726473460791314,0.00042836479724451675
UCEC,NF1↔RASA1,NF1,RASA1,CIBERSORT_ABSOLUTE _SCORE,SAMPLE,95,0.191009703647856,0.0637109329866414,95,0.19100970364785608,0.06371093298664122,0.18362415681840324,0.07487450212625091,-0.007385546829452833,0.007385546829452833,0.11081616596757667,0.11081616596757722,0.1317554371493534
UCEC,ATR↔ATM,ATR,ATM,CIBERSORT_ABSOLUTE _SCORE,SAMPLE,95,0.1973075707851153,0.0552959512424145,95,0.1973075707851153,0.05529595124241434,0.19676589378386516,0.05598191219530476,-0.0005416770012501293,0.0005416770012501293,0.08294392686362176,0.08294392686362151,0.08397286829295714
UCEC,KMT2D↔KMT2C,KMT2D,KMT2C,CIBERSORT_ABSOLUTE _SCORE,SAMPLE,95,0.0420221521974914,0.6859643146929122,95,0.04202215219749148,0.6859643146929129,0.04192209403681273,0.6866729533102829,-0.00010005816067874818,0.00010005816067874818,0.6859643146929122,0.6878515859369291,0.8037984891292812
UCEC,SMARCA4↔SMARCA2,SMARCA4,SMARCA2,CIBERSORT_ABSOLUTE _SCORE,SAMPLE,95,-0.0031279902035403,0.9759997900719412,95,-0.00312799020354039,0.9759997900719406,-0.0010552734296111616,0.9919021119550003,0.0020727167739292285,0.0020727167739292285,0.9759997900719412,0.9759997900719406,0.9919021119550003
UCEC,CDK4↔CDK6,CDK4,CDK6,CIBERSORT_ABSOLUTE _SCORE,SAMPLE,95,0.1173726853394907,0.2573052622148604,95,0.1173726853394908,0.25730526221486133,0.09841365704358014,0.34270954395494735,-0.01895902829591066,0.01895902829591066,0.2573052622148604,0.25730526221486133,0.34270954395494735
UCEC,KRAS↔HRAS,KRAS,HRAS,CIBERSORT_ABSOLUTE _SCORE,SAMPLE,84,0.0972196728874829,0.3789847784706807,84,0.09721967288748297,0.37898477847068174,0.09673765838122504,0.3813639768876543,-0.0004820145062579273,0.0004820145062579273,0.3789847784706807,0.37898477847068174,0.3813639768876543
UCEC,HRAS↔NRAS,HRAS,NRAS,CIBERSORT_ABSOLUTE _SCORE,SAMPLE,84,0.2372339111539074,0.0297934218509242,84,0.23723391115390752,0.02979342185092408,0.2384861695773244,0.028915457639266104,0.001252258423416891,0.001252258423416891,0.0297934218509242,0.04469013277638612,0.043373186458899156
UCEC,PIK3R1↔CRKL,PIK3R1,CRKL,CIBERSORT_ABSOLUTE _SCORE,SAMPLE,95,0.1896883968787997,0.0656022224869687,95,0.18968839687879974,0.06560222248696855,0.15269348909907016,0.1396093329653219,-0.03699490777972958,0.03699490777972958,0.09840333373045305,0.09840333373045282,0.20941399944798286
UCEC,PIK3R1↔CRK,PIK3R1,CRK,CIBERSORT_ABSOLUTE _SCORE,SAMPLE,95,0.2035659531116539,0.0478589127504351,95,0.20356595311165393,0.047858912750435266,0.24160921356507759,0.018334115722547735,0.038043260453423655,0.038043260453423655,0.1435767382513053,0.1435767382513058,0.055002347167643205
UCEC,RB1↔RBL2,RB1,RBL2,CIBERSORT_ABSOLUTE _SCORE,SAMPLE,95,-0.1663903034152089,0.1070581070394395,95,-0.166390303415209,0.10705810703943947,-0.1645081914495965,0.11114334152222902,0.0018821119656124985,0.0018821119656124985,0.18108794433507613,0.12363325906995422,0.15528876466173155
UCEC,RB1↔RBL1,RB1,RBL1,CIBERSORT_ABSOLUTE _SCORE,SAMPLE,57,0.1614164762962307,0.2303126592925156,57,0.16141647629623077,0.23031265929251563,0.1787652980661476,0.18335569064540316,0.01734882176991684,0.01734882176991684,0.6156310198109196,0.3454689889387734,0.27503353596810476
UCEC,CDH1↔CDH2,CDH1,CDH2,CIBERSORT_ABSOLUTE _SCORE,SAMPLE,95,-0.1146996239473706,0.2683754877914059,95,-0.11469962394737061,0.268375487791406,-0.15984419620072066,0.12178835932270861,-0.04514457225335004,0.04514457225335004,0.40256323168710884,0.40256323168710906,0.12178835932270861
UCEC,MAP2K1↔MAP2K2,MAP2K1,MAP2K2,CIBERSORT_ABSOLUTE _SCORE,SAMPLE,95,0.3068236396899976,0.0024924341152563,95,0.3068236396899977,0.0024924341152563903,0.29970207595653786,0.003171513784419595,-0.007121563733459846,0.007121563733459846,0.0024924341152563,0.0024924341152563903,0.003171513784419595
LUSC,PIK3CA↔PIK3CB,PIK3CA,PIK3CB,ESTIMATE_TUMORPURITY,SAMPLE,69,-0.0670454341637071,0.4905556565326583,108,-0.061954095613909715,0.6130574917451146,-0.03712165281116426,0.7620219397614983,0.024832442802745457,0.024832442802745457,0.654074208710211,0.6830249015306277,0.8214946550084798
LUSC,BRCA1↔BRCA2,BRCA1,BRCA2,ESTIMATE_TUMORPURITY,SAMPLE,51,-0.2712758366370137,0.0131137330512818,83,-0.20391853521392495,0.1512022207073927,-0.15723905391293652,0.2704855431743641,0.046679481300988424,0.046679481300988424,0.0262274661025636,0.3024044414147854,0.4429544276967738
LUSC,EP300↔CREBBP,EP300,CREBBP,ESTIMATE_TUMORPURITY,SAMPLE,69,0.3715975947973293,7.508372589200507e-05,108,0.39326411531491934,0.0008293740803996725,0.3861367022653595,0.0010492113892252117,-0.007127413049559828,0.007127413049559828,0.00015016745178401015,0.001658748160799345,0.0020984227784504234
LUSC,PPP2R1A↔PPP2R1B,PPP2R1A,PPP2R1B,ESTIMATE_TUMORPURITY,SAMPLE,69,-0.0286326103889777,0.768638176527229,108,-0.043232119849378955,0.7243003468652907,-0.049727497016088196,0.684909734572556,-0.00649537716670924,0.00649537716670924,0.929998819068804,0.9299988190688036,0.9944453031346003
LUSC,KRAS↔NRAS,KRAS,NRAS,ESTIMATE_TUMORPURITY,SAMPLE,69,0.065938401439383,0.4977611175202034,108,-0.007798904480934468,0.9492887250387393,0.03068253298658208,0.8023777718245033,0.03848143746751655,0.03848143746751655,0.4977611175202034,0.9492887250387393,0.8023777718245033
LUSC,PTEN↔TNS1,PTEN,TNS1,ESTIMATE_TUMORPURITY,SAMPLE,69,0.3703745283236349,7.962440399892243e-05,108,0.22917264793516842,0.05820285815571733,0.22260426880650663,0.06599602697140364,-0.006568379128661789,0.006568379128661789,0.0002388732119967673,0.05820285815571733,0.06599602697140364
LUSC,NF1↔RASA2,NF1,RASA2,ESTIMATE_TUMORPURITY,SAMPLE,69,-0.1040559612903149,0.2838500645531723,108,-0.0035889243530523585,0.9766514062704493,0.050104958569214736,0.6826449993672586,0.053693882922267094,0.053693882922267094,0.37846675273756303,0.9832682765231917,0.6826449993672586
LUSC,NF1↔RASA1,NF1,RASA1,ESTIMATE_TUMORPURITY,SAMPLE,69,0.3383574866929205,0.0003414405510423,108,0.39689288094588093,0.0007343167565241468,0.44071040829038605,0.00015072522336200813,0.043817527344505114,0.043817527344505114,0.0013657622041692,0.002937267026096587,0.0006029008934480325
LUSC,KMT2D↔KMT2C,KMT2D,KMT2C,ESTIMATE_TUMORPURITY,SAMPLE,69,0.0839726181995532,0.3875648502882357,108,0.049237868890093094,0.6878515859369291,0.030457447609310784,0.8037984891292812,-0.01878042128078231,0.01878042128078231,0.5167531337176475,0.6878515859369291,0.8037984891292812
LUSC,BRAF↔RAF1,BRAF,RAF1,ESTIMATE_TUMORPURITY,SAMPLE,69,0.6036224172660182,4.6874215786260536e-12,108,0.6644299741333777,4.823105876612279e-10,0.6687543183917403,3.3863028029760516e-10,0.004324344258362589,0.004324344258362589,9.374843157252107e-12,9.646211753224558e-10,6.772605605952103e-10
LUSC,SMARCA4↔SMARCA2,SMARCA4,SMARCA2,ESTIMATE_TUMORPURITY,SAMPLE,61,0.0067942543955115,0.948748944755764,92,-0.05715194363326377,0.661752838180445,-0.0866475203286764,0.5066973591480143,-0.029495576695412626,0.029495576695412626,0.9759997900719412,0.9759997900719406,0.9919021119550003
LUSC,KRAS↔HRAS,KRAS,HRAS,ESTIMATE_TUMORPURITY,SAMPLE,69,0.6670032504660613,3.244915571021587e-15,108,0.6449585830446953,2.212330331418907e-09,0.627247936647343,8.070258487198065e-09,-0.017710646397352314,0.017710646397352314,6.489831142043174e-15,4.424660662837814e-09,1.614051697439613e-08
LUSC,HRAS↔NRAS,HRAS,NRAS,ESTIMATE_TUMORPURITY,SAMPLE,69,0.2343422753736406,0.0146421090337788,108,0.20349269654756952,0.09353191890872908,0.23082480753798745,0.05636508894886289,0.027332110990417935,0.027332110990417935,0.0219631635506682,0.09353191890872908,0.05636508894886289
LUSC,PIK3R1↔CRKL,PIK3R1,CRKL,ESTIMATE_TUMORPURITY,SAMPLE,69,-0.1021612850624749,0.2927569742800638,108,-0.07832458874362949,0.5223606163459952,-0.054891244811650974,0.6541755414741182,0.023433343931978518,0.023433343931978518,0.2927569742800638,0.5223606163459952,0.6541755414741182
LUSC,PIK3R1↔CRK,PIK3R1,CRK,ESTIMATE_TUMORPURITY,SAMPLE,69,0.0373763443324524,0.7009482016618526,108,0.056133577532556996,0.6468636376809176,0.09390460767743564,0.44279728572622473,0.03777103014487864,0.03777103014487864,0.8210222235966799,0.6468636376809176,0.44279728572622473
LUSC,RB1↔RBL2,RB1,RBL2,ESTIMATE_TUMORPURITY,SAMPLE,69,0.1248161573991728,0.1980686353070357,108,0.19152212122151913,0.11491746244634181,0.185594764375385,0.12681077513196728,-0.00592735684613413,0.00592735684613413,0.1980686353070357,0.12363325906995422,0.15528876466173155
LUSC,RB1↔RBL1,RB1,RBL1,ESTIMATE_TUMORPURITY,SAMPLE,48,-0.094520909919645,0.4104206798739464,78,-0.20679226555693994,0.15847207840154026,-0.204593654303154,0.16304363143662787,0.0021986112537859537,0.0021986112537859537,0.6156310198109196,0.3454689889387734,0.27503353596810476
LUSC,CDH1↔CDH2,CDH1,CDH2,ESTIMATE_TUMORPURITY,SAMPLE,50,-0.3448286868551542,0.0026237756509828,74,-0.42337381073288316,0.002187834026955127,-0.43970398990610843,0.001398341364008614,-0.016330179173225268,0.016330179173225268,0.007871326952948399,0.006563502080865381,0.004195024092025842
LUSC,MAP2K1↔MAP2K2,MAP2K1,MAP2K2,ESTIMATE_TUMORPURITY,SAMPLE,69,0.401802807230524,1.6313588968529398e-05,108,0.39493629211046805,0.0007842652746092926,0.394472055811891,0.0007965599523349876,-0.0004642362985770587,0.0004642362985770587,3.2627177937058796e-05,0.0015685305492185852,0.0015931199046699753
LUSC,TP53↔TP63,TP53,TP63,ESTIMATE_TUMORPURITY,SAMPLE,69,0.0940358965524889,0.3330316929918464,108,-0.049629940141911646,0.6854955184623985,-0.05264579975148603,0.6674736388140299,-0.0030158596095743867,0.0030158596095743867,0.3330316929918464,0.6854955184623985,0.6674736388140299
LUSC,ARID1A↔ARID1B,ARID1A,ARID1B,ESTIMATE_TUMORPURITY,SAMPLE,69,0.3616798839260725,0.0001200636304044,108,0.4060128520113113,0.0005374638399489417,0.40809599906242344,0.0004998598828566805,0.002083147051112122,0.002083147051112122,0.0001200636304044,0.0005374638399489417,0.0004998598828566805
LUSC,TP53↔TP73,TP53,TP73,ESTIMATE_TUMORPURITY,SAMPLE,69,0.0925252074901765,0.3408909256623671,108,-0.013279769570306972,0.913758075712147,-0.02057140080905144,0.8667604153074371,-0.0072916312387444684,0.0072916312387444684,0.3408909256623671,0.913758075712147,0.8667604153074371
