pair,gene_a,gene_b,label,dd_min5,n_lineages_eval_5,dd_min3,n_lineages_eval_3
CNOT7/CNOT8,CNOT7,CNOT8,in4mer_gold,,0,,0
PITPNA/PITPNB,PITPNA,PITPNB,in4mer_gold,,0,-0.05919452367272032,1
TIA1/TIAL1,TIA1,TIAL1,in4mer_gold,0.013171415965318733,1,-0.14304712282840165,4
SAR1A/SAR1B,SAR1A,SAR1B,in4mer_gold,,0,-0.012981753264312161,1
PTP4A1/PTP4A2,PTP4A1,PTP4A2,in4mer_gold,,0,,0
GSK3A/GSK3B,GSK3A,GSK3B,in4mer_gold,,0,0.06659195570445747,2
CSNK2A1/CSNK2A2,CSNK2A1,CSNK2A2,in4mer_gold,,0,-0.13753856416989182,2
CSNK1D/CSNK1E,CSNK1D,CSNK1E,in4mer_gold,,0,0.02318802016549938,1
MAPK1/MAPK3,MAPK1,MAPK3,in4mer_gold,,0,0.052090938165413256,1
ARFGEF1/ARFGEF2,ARFGEF1,ARFGEF2,in4mer_gold,-0.4590446916267951,10,-0.4590446916267951,20
HDAC1/HDAC2,HDAC1,HDAC2,in4mer_gold,-0.4073814641598519,2,-0.4073814641598519,2
ASF1A/ASF1B,ASF1A,ASF1B,in4mer_gold,,0,,0
SLC25A28/SLC25A37,SLC25A28,SLC25A37,in4mer_gold,,0,-0.25368011652342354,3
ARHGEF7/ARHGEF16,ARHGEF7,ARHGEF16,unlabeled_control,0.09453070187403512,1,0.09453070187403512,2
ANXA3/ANXA9,ANXA3,ANXA9,unlabeled_control,,0,0.12305797603988584,4
DNAJC9/DNAJC30,DNAJC9,DNAJC30,unlabeled_control,,0,,0
ALDH3A2/ALDH6A1,ALDH3A2,ALDH6A1,unlabeled_control,,0,0.12343510685256828,2
TMEM184A/TMEM184B,TMEM184A,TMEM184B,unlabeled_control,,0,-0.04596946884961159,2
ARHGEF37/DNMBP,ARHGEF37,DNMBP,unlabeled_control,-0.05368115634153503,4,0.05438792972736664,7
AHRR/NPAS4,AHRR,NPAS4,unlabeled_control,0.14074907673222092,2,0.18179629819890672,7
PILRB/CD300LF,PILRB,CD300LF,unlabeled_control,,0,0.012623759344470187,2
MRPL52/MRPS30,MRPL52,MRPS30,unlabeled_control,-0.05370377180147634,1,-0.1883858187067955,2
ALDH1A2/ALDH3B1,ALDH1A2,ALDH3B1,unlabeled_control,,0,,0
AVIL/SCIN,AVIL,SCIN,unlabeled_control,-0.15449687395738876,2,-0.15449687395738876,7
SLC35A5/SLC35E1,SLC35A5,SLC35E1,unlabeled_control,,0,0.1376032862333707,3
OR10A2/OR10P1,OR10A2,OR10P1,unlabeled_control,,0,,0
PSMB10/PSME1,PSMB10,PSME1,unlabeled_control,,0,,0
AGAP9/ASAP1,AGAP9,ASAP1,unlabeled_control,-0.08311339179250277,2,0.25381090898585856,3
NUP85/NUP210,NUP85,NUP210,unlabeled_control,-0.291452908800786,4,-0.291452908800786,9
SLC25A22/UCP1,SLC25A22,UCP1,unlabeled_control,,0,,0
SERPINB10/SERPINE3,SERPINB10,SERPINE3,unlabeled_control,,0,-0.03128841431881579,3
OR14A2/OR14A16,OR14A2,OR14A16,unlabeled_control,-0.045939330783163604,1,-0.045939330783163604,2
FOXD4/FOXE1,FOXD4,FOXE1,unlabeled_control,0.07032385181112455,1,0.07032385181112455,2
GP5/CDCP1,GP5,CDCP1,unlabeled_control,,0,0.07314750326050874,4
ZBTB4/ZBTB12,ZBTB4,ZBTB12,unlabeled_control,-0.022837080514717722,1,0.16246430898070763,5
PLEKHM3/TRIOBP,PLEKHM3,TRIOBP,unlabeled_control,-0.05653983053593914,6,0.11195484069891222,15
FBXO27/FBXO34,FBXO27,FBXO34,unlabeled_control,0.0009252413571427254,1,-0.05018195105746737,3
ELF5/ERF,ELF5,ERF,unlabeled_control,,0,-0.059710809038973606,4
CPVL/CPXM1,CPVL,CPXM1,unlabeled_control,0.0828621715397619,3,-0.09325422868714192,7
LSM5/LSM6,LSM5,LSM6,unlabeled_control,,0,,0
FOXH1/FOXL1,FOXH1,FOXL1,unlabeled_control,0.0847051142930006,1,0.0847051142930006,4
NUP107/POM121,NUP107,POM121,unlabeled_control,-0.1350347831602294,1,-0.22693803779350502,3
ANO3/ANO8,ANO3,ANO8,unlabeled_control,0.08735443167687,4,0.15377893081203292,12
NCK1/CRK,NCK1,CRK,unlabeled_control,,0,,0
NAF1/RRS1,NAF1,RRS1,unlabeled_control,,0,,0
MCUB/MCUR1,MCUB,MCUR1,unlabeled_control,,0,0.12176371914341197,2
ZBTB4/ZBTB7A,ZBTB4,ZBTB7A,unlabeled_control,0.06055022117376846,2,-0.16569521856577477,9
OTX1/RAX2,OTX1,RAX2,unlabeled_control,0.0007269462651618291,1,0.15752048162172733,3
B3GALT4/B3GALT5,B3GALT4,B3GALT5,unlabeled_control,,0,-0.0026603455598354364,2
H2BC14/H2BC17,H2BC14,H2BC17,unlabeled_control,,0,-0.06669584333506326,1
CFAP20/CFAP45,CFAP20,CFAP45,unlabeled_control,,0,0.009888964111892773,1
PRPH/DES,PRPH,DES,unlabeled_control,,0,-0.112740147645598,6
UBE2D4/UBE2W,UBE2D4,UBE2W,unlabeled_control,,0,0.05178516055648368,1
PRKAG1/PRKAG3,PRKAG1,PRKAG3,unlabeled_control,,0,0.0438793117086419,1
ATP6V1E2/ATP6V0B,ATP6V1E2,ATP6V0B,unlabeled_control,,0,,0
SIPA1L3/STXBP4,SIPA1L3,STXBP4,unlabeled_control,0.04194988330823793,4,0.15461486487897244,11
SNTG2/SYNJ2BP,SNTG2,SYNJ2BP,unlabeled_control,0.05667057243069475,5,0.05667057243069475,5
MSX1/BARHL2,MSX1,BARHL2,unlabeled_control,0.017754564932748712,1,-0.13529771205984348,5
MS4A6E/MS4A14,MS4A6E,MS4A14,unlabeled_control,0.04437580292144973,1,-0.17780936956782195,5
SLC5A5/SLC5A11,SLC5A5,SLC5A11,unlabeled_control,0.0766892640205923,1,-0.11321260416410206,5
ACP6/ACP7,ACP6,ACP7,unlabeled_control,,0,0.08153589287482518,4
ISLR2/MILR1,ISLR2,MILR1,unlabeled_control,,0,,0
SLC25A10/SLC25A41,SLC25A10,SLC25A41,unlabeled_control,,0,0.07218551153919321,5
SERPINA4/SERPINF1,SERPINA4,SERPINF1,unlabeled_control,0.016871395806241522,1,0.036183982955070096,2
UBE2C/UBE2R2,UBE2C,UBE2R2,unlabeled_control,,0,,0
H2AC8/H2AC20,H2AC8,H2AC20,unlabeled_control,,0,0.03037609030550642,1
PLEKHB2/RALGPS2,PLEKHB2,RALGPS2,unlabeled_control,,0,-0.06734261213209174,1
KIF5C/KIF13B,KIF5C,KIF13B,unlabeled_control,0.045129541071632334,4,-0.08737337974252252,7
TSPAN1/TSPAN8,TSPAN1,TSPAN8,unlabeled_control,,0,,0
NAA20/NAA80,NAA20,NAA80,unlabeled_control,,0,0.11297992253991376,1
KCNA3/KCNG1,KCNA3,KCNG1,unlabeled_control,-0.08080730714004215,2,0.1547348102865523,8
MARCHF3/MARCHF11,MARCHF3,MARCHF11,unlabeled_control,-0.09549134026340314,2,-0.09549134026340314,5
ALDH1A2/ALDH1A3,ALDH1A2,ALDH1A3,unlabeled_control,0.09730958943501657,1,0.1234436441070679,3
CD3D/CD38,CD3D,CD38,unlabeled_control,,0,,0
MAGEC1/MAGEH1,MAGEC1,MAGEH1,unlabeled_control,-0.10519810160158571,4,-0.10519810160158571,7
AIDA/C2CD2,AIDA,C2CD2,unlabeled_control,0.04926750115229449,1,0.09803984756156772,2
ZNF394/ZNF446,ZNF394,ZNF446,unlabeled_control,,0,-0.12554906095949003,2
MKI67/PPP1R7,MKI67,PPP1R7,unlabeled_control,0.23559602621975362,8,-0.3336364259434499,14
FMOD/BGN,FMOD,BGN,unlabeled_control,,0,0.030453151203393897,2
B3GNT4/B3GNT7,B3GNT4,B3GNT7,unlabeled_control,,0,0.08324844239310474,1
ADAM12/ADAM32,ADAM12,ADAM32,unlabeled_control,-0.07101003674100519,3,0.24203504096144862,9
FLCN/DENND1C,FLCN,DENND1C,unlabeled_control,0.1242624878601143,1,0.1242624878601143,5
ATP8A2/ATP8B4,ATP8A2,ATP8B4,unlabeled_control,-0.07181889452130043,5,0.1236815083122807,15
GNG13/GNG14,GNG13,GNG14,unlabeled_control,,0,,0
KCNJ8/KCNJ12,KCNJ8,KCNJ12,unlabeled_control,,0,,0
MAGEC1/MAGEC2,MAGEC1,MAGEC2,unlabeled_control,-0.15534085809000678,5,-0.15534085809000678,10
SDCBP2/SNTG2,SDCBP2,SNTG2,unlabeled_control,-0.09969132734067801,5,-0.09969132734067801,5
PEX16/PEX26,PEX16,PEX26,unlabeled_control,,0,-0.06501718012051955,1
IGSF21/VSTM2B,IGSF21,VSTM2B,unlabeled_control,0.08787878434535852,1,0.08787878434535852,5
NKAIN1/NKAIN3,NKAIN1,NKAIN3,unlabeled_control,0.05851216833903756,2,0.05851216833903756,2
PRDM6/PRDM13,PRDM6,PRDM13,unlabeled_control,-0.1112806122361902,2,-0.1112806122361902,5
HNRNPF/PTBP2,HNRNPF,PTBP2,unlabeled_control,,0,0.17390106911520123,3
PTRH2/EDF1,PTRH2,EDF1,unlabeled_control,,0,,0
GAD2/COQ4,GAD2,COQ4,unlabeled_control,0.39936502310086963,2,0.39936502310086963,3
HOXA4/HOXB13,HOXA4,HOXB13,unlabeled_control,-0.028946489886769233,2,0.15667960846767565,5
RNGTT/DUSP13B,RNGTT,DUSP13B,unlabeled_control,,0,-0.04646253368895739,2
MPRIP/CADPS,MPRIP,CADPS,unlabeled_control,0.08049752985362907,6,-0.18101105336841253,17
IL10/IL17A,IL10,IL17A,unlabeled_control,,0,,0
RNASE6/RNASE11,RNASE6,RNASE11,unlabeled_control,-0.11193804397051685,1,-0.11193804397051685,1
GNG10/GNGT2,GNG10,GNGT2,unlabeled_control,,0,,0
HOXD13/CDX1,HOXD13,CDX1,unlabeled_control,,0,-0.05430066867714256,2
RHOH/CDC42,RHOH,CDC42,unlabeled_control,,0,-0.12380403015136243,1
NUP160/NUP214,NUP160,NUP214,unlabeled_control,-0.09715627253411308,3,-0.16663423392194,8
IFNA16/IFNW1,IFNA16,IFNW1,unlabeled_control,,0,,0
HSPA14/HSPH1,HSPA14,HSPH1,unlabeled_control,-0.3266792792690584,2,-0.3266792792690584,5
SREK1IP1/ZCCHC10,SREK1IP1,ZCCHC10,unlabeled_control,,0,0.14334810164790668,2
RADIL/SNTB2,RADIL,SNTB2,unlabeled_control,0.03874080163619019,3,0.123687559193832,7
MRPL11/MRPL15,MRPL11,MRPL15,unlabeled_control,,0,,0
SNX3/SNX17,SNX3,SNX17,unlabeled_control,,0,,0
PSMA3/PSMB2,PSMA3,PSMB2,unlabeled_control,,0,,0
KLK1/KLK14,KLK1,KLK14,unlabeled_control,,0,-0.07809673143407406,1
LAMA3/LAMC3,LAMA3,LAMC3,unlabeled_control,0.11341433345192424,9,0.15580506908232297,15
GJB7/GJE1,GJB7,GJE1,unlabeled_control,,0,,0
NLRP4/NLRP14,NLRP4,NLRP14,unlabeled_control,0.061032469124321476,5,0.09527321244444366,11
INPP1/PIP4P2,INPP1,PIP4P2,unlabeled_control,,0,0.041014590598263165,1
ARFRP1/ARL4A,ARFRP1,ARL4A,unlabeled_control,,0,-0.03090767538959588,1
ZSCAN12/ZSCAN31,ZSCAN12,ZSCAN31,unlabeled_control,,0,0.15507757801412492,2
HIC2/ZBTB46,HIC2,ZBTB46,unlabeled_control,,0,-0.13060081034120335,4
HSPA12A/HSPA14,HSPA12A,HSPA14,unlabeled_control,-0.13840133250279069,3,-0.2676319257222072,8
OR56A1/OR56B4,OR56A1,OR56B4,unlabeled_control,,0,0.00292932622486302,1
TXNDC12/ERP44,TXNDC12,ERP44,unlabeled_control,,0,,0
PPM1E/PPM1F,PPM1E,PPM1F,unlabeled_control,-0.23280206554446126,3,-0.23280206554446126,7
KCNE3/KCNE4,KCNE3,KCNE4,unlabeled_control,,0,0.17347843493241616,1
CHODL/CLEC20A,CHODL,CLEC20A,unlabeled_control,,0,,0
HTR2B/HTR4,HTR2B,HTR4,unlabeled_control,0.05220047068138481,1,0.10282413923019221,4
DENND2A/DENND2C,DENND2A,DENND2C,unlabeled_control,0.15338312569692625,3,-0.2576866164511048,10
PTPN5/PTPN22,PTPN5,PTPN22,unlabeled_control,-0.020513357584593245,2,-0.08964436262966143,6
MRPL35/MRPL52,MRPL35,MRPL52,unlabeled_control,,0,0.08851483312101448,1
APOA4/APOL6,APOA4,APOL6,unlabeled_control,-0.056548497934973546,1,-0.056548497934973546,4
FOXE1/FOXR1,FOXE1,FOXR1,unlabeled_control,-0.05204048619922662,1,0.05911923209887584,2
KIF3C/KIFC1,KIF3C,KIFC1,unlabeled_control,-0.00030292067015733753,1,0.14238726515355987,6
CCNA2/CCNG1,CCNA2,CCNG1,unlabeled_control,,0,,0
RHPN2/TAMALIN,RHPN2,TAMALIN,unlabeled_control,,0,-0.07748130257256322,4
AFG2B/LONP2,AFG2B,LONP2,unlabeled_control,,0,0.6964646476064018,4
IARS2/EARS2,IARS2,EARS2,unlabeled_control,-0.07477383815962724,2,0.4625565863032487,6
OR8A1/OR8G1,OR8A1,OR8G1,unlabeled_control,,0,-0.14017869212283723,3
SLC22A23/SVOPL,SLC22A23,SVOPL,unlabeled_control,-0.08181340503254067,1,-0.2878766150927472,5
SLC22A24/SV2B,SLC22A24,SV2B,unlabeled_control,0.0673162825512606,1,0.0703214674632629,2
FOXF2/FOXO4,FOXF2,FOXO4,unlabeled_control,,0,0.13404074155445844,2
KLHL31/KLHL42,KLHL31,KLHL42,unlabeled_control,-0.09717707138539426,2,-0.09717707138539426,4
AMBN/CSN1S1,AMBN,CSN1S1,unlabeled_control,0.08971455009686125,1,-0.10247459250068167,2
KLHL9/KLHL13,KLHL9,KLHL13,unlabeled_control,-0.09236903430410003,3,-0.09236903430410003,5
KBTBD3/RCBTB1,KBTBD3,RCBTB1,unlabeled_control,-0.06580016033256769,1,-0.2522339665065642,2
AEBP1/CPE,AEBP1,CPE,unlabeled_control,0.06026736676584671,6,-0.09441112065428553,10
DNAJB2/DNAJC22,DNAJB2,DNAJC22,unlabeled_control,,0,-0.0825655262718209,1
LAIR2/LY9,LAIR2,LY9,unlabeled_control,0.050590841492914276,1,-0.06922886176566355,4
CCDC180/CFAP126,CCDC180,CFAP126,unlabeled_control,-0.10099368817104158,2,-0.10099368817104158,6
UBXN2B/UBXN4,UBXN2B,UBXN4,unlabeled_control,0.012918516705492288,1,0.06103344211233715,4
MS4A13/TMEM176B,MS4A13,TMEM176B,unlabeled_control,,0,0.0012151887528311853,1
PSMA1/PSMF1,PSMA1,PSMF1,unlabeled_control,,0,0.431363812764314,1
RHOC/RHOJ,RHOC,RHOJ,unlabeled_control,,0,-0.05833691504604124,1
PHETA1/PLEKHB2,PHETA1,PLEKHB2,unlabeled_control,-0.01472060568216042,1,-0.01472060568216042,1
MUC13/MUC20,MUC13,MUC20,unlabeled_control,,0,-0.4464009323596076,3
PTRH2/CFAP20,PTRH2,CFAP20,unlabeled_control,,0,,0
HSPB9/ODF1,HSPB9,ODF1,unlabeled_control,,0,-0.1729943961731062,2
AKAP3/AKAP12,AKAP3,AKAP12,unlabeled_control,0.04187787296620505,4,-0.23362676585510228,13
SLC23A1/SLC23A3,SLC23A1,SLC23A3,unlabeled_control,0.03473377232582259,2,-0.038618096205849356,4
GRP/PPY,GRP,PPY,unlabeled_control,,0,-0.09699677224687625,1
TSPAN1/TSPAN17,TSPAN1,TSPAN17,unlabeled_control,,0,,0
NKX2-4/BARHL1,NKX2-4,BARHL1,unlabeled_control,,0,-0.13797704589706308,3
SLC2A3/SLC2A5,SLC2A3,SLC2A5,unlabeled_control,-0.015109210632085084,1,0.14818115993274072,6
IGSF21/TIMD4,IGSF21,TIMD4,unlabeled_control,0.048575959965341635,3,0.10658089670067072,5
KRT1/KRT81,KRT1,KRT81,unlabeled_control,,0,-0.020207334741939295,2
PDZD8/CYTIP,PDZD8,CYTIP,unlabeled_control,-0.10652337032985984,3,-0.10652337032985984,7
SLC66A2/SLC66A3,SLC66A2,SLC66A3,unlabeled_control,,0,0.07974832932863751,1
CCL13/CXCL14,CCL13,CXCL14,unlabeled_control,,0,,0
PDE3B/PDE6H,PDE3B,PDE6H,unlabeled_control,-0.021265102266850744,2,0.05493293176529106,5
ARHGAP19/ARHGAP32,ARHGAP19,ARHGAP32,unlabeled_control,-0.05998658703781956,4,0.16241481149736495,9
SPPL2A/SPPL3,SPPL2A,SPPL3,unlabeled_control,,0,-0.32751057799452155,2
ST6GALNAC3/ST8SIA5,ST6GALNAC3,ST8SIA5,unlabeled_control,,0,0.17205722053223563,5
PLA2G2D/PLA2G12B,PLA2G2D,PLA2G12B,unlabeled_control,,0,,0
ARHGEF5/ARHGEF35,ARHGEF5,ARHGEF35,unlabeled_control,,0,,0
HSCB/DNAJB2,HSCB,DNAJB2,unlabeled_control,,0,-0.4769513808497542,1
GDF2/GDF6,GDF2,GDF6,unlabeled_control,0.018416804964440515,1,-0.14407048202606906,7
GUCA2B/EPO,GUCA2B,EPO,unlabeled_control,,0,,0
OR10A5/OR10V1,OR10A5,OR10V1,unlabeled_control,,0,0.0841795211848052,3
SLC22A17/SV2A,SLC22A17,SV2A,unlabeled_control,-0.17945960692579577,3,0.23303443296997475,8
UBE2H/UBE2N,UBE2H,UBE2N,unlabeled_control,,0,,0
GHSR/KISS1R,GHSR,KISS1R,unlabeled_control,0.04008181297038019,2,0.06382925609434331,4
MRPL38/MRPL53,MRPL38,MRPL53,unlabeled_control,,0,,0
OR6C65/OR6C74,OR6C65,OR6C74,unlabeled_control,,0,0.17430546449977496,2
ABHD1/EPHX4,ABHD1,EPHX4,unlabeled_control,,0,-0.10652749125118124,5
DEFB134/DEFB136,DEFB134,DEFB136,unlabeled_control,,0,,0
GJA10/GJB7,GJA10,GJB7,unlabeled_control,,0,-0.11828162968780917,3
LYPD5/PINLYP,LYPD5,PINLYP,unlabeled_control,,0,,0
LZTR1/SPOP,LZTR1,SPOP,unlabeled_control,0.14099248229183528,2,0.14099248229183528,7
FOXE3/FOXJ1,FOXE3,FOXJ1,unlabeled_control,,0,0.12840669879074926,3
TSPAN9/TSPAN32,TSPAN9,TSPAN32,unlabeled_control,,0,0.09612929276494955,1
MUC12/MUC15,MUC12,MUC15,unlabeled_control,0.057298059169807215,4,-0.20791799902372005,13
HNRNPU/PCBP1,HNRNPU,PCBP1,unlabeled_control,-0.17663222370156095,1,-0.17663222370156095,2
SERPINB4/SERPINE3,SERPINB4,SERPINE3,unlabeled_control,,0,0.17165763918391072,5
TSPAN3/TSPAN18,TSPAN3,TSPAN18,unlabeled_control,,0,0.022544544392283178,2
MRPL4/MRPL53,MRPL4,MRPL53,unlabeled_control,,0,0.15557628433146398,1
GHR/ATF7IP,GHR,ATF7IP,unlabeled_control,0.10475037581795942,5,-0.14315935836760652,11
GORASP1/APBA3,GORASP1,APBA3,unlabeled_control,-0.07378024862440138,1,-0.07378024862440138,4
OR10G4/OR10K1,OR10G4,OR10K1,unlabeled_control,0.019181475241662607,2,0.03707834796047024,3
CLEC3A/CLEC17A,CLEC3A,CLEC17A,unlabeled_control,,0,0.08087954449739032,5
IL1A/IL17C,IL1A,IL17C,unlabeled_control,,0,0.08548729632753818,3
OR52K1/OR52N2,OR52K1,OR52N2,unlabeled_control,0.013355056803934978,1,0.07071298849047813,3
AIDA/CCDC33,AIDA,CCDC33,unlabeled_control,-0.03015691285610577,1,0.13092247191868966,6
ASGR1/CLEC11A,ASGR1,CLEC11A,unlabeled_control,,0,0.09823043461629749,1
PKD1L2/REG3A,PKD1L2,REG3A,unlabeled_control,0.07765707636731853,7,-0.1003642317128548,16
NPB/SST,NPB,SST,unlabeled_control,,0,,0
ABI1/ABI3,ABI1,ABI3,unlabeled_control,,0,0.041664972607915976,3
TUBGCP5/TUBGCP6,TUBGCP5,TUBGCP6,unlabeled_control,-0.18906121113841245,4,-0.30032635775090943,9
GNG3/GNG5,GNG3,GNG5,unlabeled_control,,0,,0
NEK4/NEK5,NEK4,NEK5,unlabeled_control,0.05332856633987364,3,0.17059123488605388,6
SLC25A11/SLC25A43,SLC25A11,SLC25A43,unlabeled_control,,0,0.01023147790977598,1
BARHL2/VENTX,BARHL2,VENTX,unlabeled_control,0.07876668962482704,1,0.13263143773585495,5
USP35/USP49,USP35,USP49,unlabeled_control,0.018833019380451066,2,0.08826049240477142,6
GSTP1/GSTZ1,GSTP1,GSTZ1,unlabeled_control,,0,-0.017692114276048748,1
LUM/PODN,LUM,PODN,unlabeled_control,0.10192130779523073,3,0.10192130779523073,6
NDP/EPO,NDP,EPO,unlabeled_control,,0,,0
FANCA/FANCC,FANCA,FANCC,unlabeled_control,0.01785565230866573,4,0.21692056315987607,6
GOPC/CYTIP,GOPC,CYTIP,unlabeled_control,0.0331518830780102,1,-0.07381227975219562,2
CCL7/CCL16,CCL7,CCL16,unlabeled_control,,0,,0
CNTNAP1/CNTNAP3,CNTNAP1,CNTNAP3,unlabeled_control,-0.03220716640622742,1,-0.05652722731178182,3
CCDC66/CEP131,CCDC66,CEP131,unlabeled_control,0.02505538143618851,2,0.09850208907388547,5
SH2D6/SHE,SH2D6,SHE,unlabeled_control,,0,0.07371520503902833,1
HMMR/CDCP1,HMMR,CDCP1,unlabeled_control,0.04945403534548119,1,0.124917632249185,3
MRPS16/AURKAIP1,MRPS16,AURKAIP1,unlabeled_control,,0,-0.09158575139814573,2
SLC25A11/SLC25A18,SLC25A11,SLC25A18,unlabeled_control,,0,0.052210245818040124,2
ZKSCAN4/ZNF75D,ZKSCAN4,ZNF75D,unlabeled_control,,0,0.13043136166412303,4
KRT2/KRT72,KRT2,KRT72,unlabeled_control,,0,-0.11252455408295431,3
LENG1/STEEP1,LENG1,STEEP1,unlabeled_control,,0,-0.36100907935384074,1
CKB/CKM,CKB,CKM,unlabeled_control,,0,,0
PNOC/SST,PNOC,SST,unlabeled_control,,0,,0
ARSA/SULF2,ARSA,SULF2,unlabeled_control,-0.03064519557212011,2,-0.247307439754132,5
CA8/CA10,CA8,CA10,unlabeled_control,,0,-0.05790747750030666,2
PLEKHD1/PLEKHM3,PLEKHD1,PLEKHM3,unlabeled_control,,0,0.0981369631760285,6
SULT1C3/SULT4A1,SULT1C3,SULT4A1,unlabeled_control,-0.01796705742611799,1,-0.04623385488038356,2
CD24/CD38,CD24,CD38,unlabeled_control,,0,,0
CXCR3/CXCR6,CXCR3,CXCR6,unlabeled_control,,0,0.014094325635556577,1
OR10H5/OR10J1,OR10H5,OR10J1,unlabeled_control,0.06258813377546499,1,0.06258813377546499,3
CDHR1/CDHR5,CDHR1,CDHR5,unlabeled_control,0.09078107358701161,5,0.10981908184119255,11
BET1L/SNAP23,BET1L,SNAP23,unlabeled_control,,0,,0
KCTD8/KCTD10,KCTD8,KCTD10,unlabeled_control,0.0659762603366198,2,0.40308579318863746,5
APP/THPO,APP,THPO,unlabeled_control,0.07737996461554411,2,0.07737996461554411,4
MRPL39/MRPL48,MRPL39,MRPL48,unlabeled_control,,0,,0
PDCD2/CBFA2T2,PDCD2,CBFA2T2,unlabeled_control,-0.03161390024917998,1,-0.0614514142041743,2
PCK2/URAD,PCK2,URAD,unlabeled_control,,0,-0.10020414163290288,1
SLC25A32/SLC25A52,SLC25A32,SLC25A52,unlabeled_control,,0,-0.06384380987097432,2
ABTB1/ABTB2,ABTB1,ABTB2,unlabeled_control,0.04951192451209155,3,0.05014879132657751,5
FOXD3/FOXP3,FOXD3,FOXP3,unlabeled_control,0.07915187682320292,1,-0.19606689378807365,2
KLHL20/KLHL30,KLHL20,KLHL30,unlabeled_control,,0,-0.07137366961554786,3
KIF19/KIF26A,KIF19,KIF26A,unlabeled_control,0.08878467650151368,9,-0.1381411836242789,17
NAA30/NAA80,NAA30,NAA80,unlabeled_control,,0,0.05161358852023371,3
PKMYT1/PPP1R1B,PKMYT1,PPP1R1B,unlabeled_control,0.07542972024301701,1,0.07542972024301701,2
MUC5AC/MUC13,MUC5AC,MUC13,unlabeled_control,,0,0.052625315047808575,1
ZBTB17/ZBTB47,ZBTB17,ZBTB47,unlabeled_control,0.0476736946425354,2,0.09979517091036222,5
GNG3/GNG13,GNG3,GNG13,unlabeled_control,,0,,0
CCL23/CXCL13,CCL23,CXCL13,unlabeled_control,,0,,0
METTL2B/METTL8,METTL2B,METTL8,unlabeled_control,,0,0.06832272719232414,2
CCDC14/CCDC92,CCDC14,CCDC92,unlabeled_control,0.14539949277887948,2,0.14539949277887948,5
SFXN1/SFXN2,SFXN1,SFXN2,unlabeled_control,,0,0.14057208906411,1
SELENOH/SELENOV,SELENOH,SELENOV,unlabeled_control,,0,0.11266357095112084,1
LAMP1/LAMP3,LAMP1,LAMP3,unlabeled_control,,0,,0
GALNT5/GALNT13,GALNT5,GALNT13,unlabeled_control,-0.07457002159495588,4,-0.20837916306601756,9
SLC25A52/UCP3,SLC25A52,UCP3,unlabeled_control,,0,0.11193565023670912,1
SLC8A1/SLC8A2,SLC8A1,SLC8A2,unlabeled_control,-0.09595067445714472,5,-0.1911123254166135,12
SLC6A11/SLC6A14,SLC6A11,SLC6A14,unlabeled_control,-0.0726757261702302,3,-0.11206343063337276,8
PMP2/RBP7,PMP2,RBP7,unlabeled_control,,0,0.08439682779690791,1
HK1/HK2,HK1,HK2,unlabeled_control,-0.1307533824217243,2,-0.1307533824217243,6
NOBOX/RAX,NOBOX,RAX,unlabeled_control,0.08353308309527846,3,-0.09310468345462519,8
GSX1/HOXC9,GSX1,HOXC9,unlabeled_control,-0.19874656796860443,2,-0.3183377500303751,4
CEBPD/CEBPE,CEBPD,CEBPE,unlabeled_control,,0,-0.11851229456967652,1
IL9/IL32,IL9,IL32,unlabeled_control,,0,,0
MRPL10/MRPL54,MRPL10,MRPL54,unlabeled_control,,0,,0
NUDT14/NUDT15,NUDT14,NUDT15,unlabeled_control,,0,,0
FOXA2/FOXD3,FOXA2,FOXD3,unlabeled_control,-0.06598213812020312,2,0.09680467225083032,4
XCL2/CCL27,XCL2,CCL27,unlabeled_control,,0,,0
KRT27/KRT35,KRT27,KRT35,unlabeled_control,-0.21327557173992384,2,-0.21327557173992384,5
PROCR/CD3D,PROCR,CD3D,unlabeled_control,,0,0.06085316853414302,1
OR10H1/OR10H3,OR10H1,OR10H3,unlabeled_control,,0,,0
SEC22B/SNAP29,SEC22B,SNAP29,unlabeled_control,,0,,0
ABHD14B/EPHX4,ABHD14B,EPHX4,unlabeled_control,,0,0.10285349905863468,5
AKR1C3/AKR1E2,AKR1C3,AKR1E2,unlabeled_control,,0,0.06000509509056212,3
MAN2B1/MAN2B2,MAN2B1,MAN2B2,unlabeled_control,0.05095198190500029,2,0.06341921838765574,7
SLC31A1/SLC31A2,SLC31A1,SLC31A2,unlabeled_control,,0,,0
ZNF397/ZSCAN29,ZNF397,ZSCAN29,unlabeled_control,,0,0.1489018394452735,5
MRPL1/MRPL21,MRPL1,MRPL21,unlabeled_control,,0,,0
ATP8A1/ATP10D,ATP8A1,ATP10D,unlabeled_control,-0.0728211996041585,5,0.1336850116353042,11
HSCB/DNAJB6,HSCB,DNAJB6,unlabeled_control,,0,0.07692383294305083,1
MAGEA10/MAGEB10,MAGEA10,MAGEB10,unlabeled_control,,0,-0.014555945168341827,2
NUDT4/DCP2,NUDT4,DCP2,unlabeled_control,,0,,0
PTH2/THPO,PTH2,THPO,unlabeled_control,,0,0.13467170360038433,1
SLC5A3/SLC5A6,SLC5A3,SLC5A6,unlabeled_control,0.0742388760069163,1,0.0742388760069163,6
IFNA21/IFNL1,IFNA21,IFNL1,unlabeled_control,,0,,0
MCOLN3/PKD2L1,MCOLN3,PKD2L1,unlabeled_control,0.13680227860176902,1,0.13680227860176902,3
CREBL2/CREBRF,CREBL2,CREBRF,unlabeled_control,,0,-0.028113602472735512,1
B3GAT2/B3GAT3,B3GAT2,B3GAT3,unlabeled_control,0.05647611180409831,1,0.13886254612507876,4
OR6C2/OR6C65,OR6C2,OR6C65,unlabeled_control,0.024813651327598114,1,0.28535315853149223,3
MT1H/MT3,MT1H,MT3,unlabeled_control,,0,-0.10556972174858616,1
OR6C70/OR6N1,OR6C70,OR6N1,unlabeled_control,,0,-0.07429706555992546,3
PDE3B/PDE10A,PDE3B,PDE10A,unlabeled_control,-0.07370396209986671,7,-0.12271388087380813,14
PPP1R3E/PPP1R14A,PPP1R3E,PPP1R14A,unlabeled_control,,0,,0
OR10G3/OR10V1,OR10G3,OR10V1,unlabeled_control,,0,-0.08363374320751218,2
APOA5/APOL2,APOA5,APOL2,unlabeled_control,-0.03810735838194897,2,-0.1301095274547541,4
ATP6V1C2/ATP6V1G3,ATP6V1C2,ATP6V1G3,unlabeled_control,,0,-0.0057282479109084725,1
ACE/BST1,ACE,BST1,unlabeled_control,-0.06081707264201186,3,0.09924552506665425,7
LY6G5B/TEX101,LY6G5B,TEX101,unlabeled_control,,0,-0.04842632364366721,1
SLC22A3/SLC22A13,SLC22A3,SLC22A13,unlabeled_control,0.15177310092201057,3,0.15177310092201057,5
DEFB125/DEFB135,DEFB125,DEFB135,unlabeled_control,,0,,0
TNNI1/TNNT3,TNNI1,TNNT3,unlabeled_control,,0,,0
GBX1/HOXC13,GBX1,HOXC13,unlabeled_control,-0.02163499976793136,1,0.10178680136541335,3
ATP6V1G1/ATP6V0A2,ATP6V1G1,ATP6V0A2,unlabeled_control,-0.10364631906244903,1,-0.1460469691463493,2
LY6G5B/SLURP1,LY6G5B,SLURP1,unlabeled_control,,0,,0
FOXJ3/FOXO4,FOXJ3,FOXO4,unlabeled_control,,0,-0.12439341228492043,2
ALDH1A2/ALDH3B2,ALDH1A2,ALDH3B2,unlabeled_control,,0,-0.1554232265428749,4
FCHSD2/PSTPIP2,FCHSD2,PSTPIP2,unlabeled_control,-0.001973283276547083,1,0.09134168945639808,4
NOSIP/SDE2,NOSIP,SDE2,unlabeled_control,-0.027026317118959087,2,0.11620362754956148,4
KCNE1/KCNE3,KCNE1,KCNE3,unlabeled_control,,0,,0
PRSS23/PRSS50,PRSS23,PRSS50,unlabeled_control,,0,0.04482250197401842,3
HOXB5/HOXD10,HOXB5,HOXD10,unlabeled_control,0.0516524959529214,1,-0.09546713422563144,4
LRRC7/APBA1,LRRC7,APBA1,unlabeled_control,0.10269553904730117,8,0.12905429279106476,18
TSPAN5/TSPAN9,TSPAN5,TSPAN9,unlabeled_control,,0,-0.017834177767051904,1
FADS2/DEGS1,FADS2,DEGS1,unlabeled_control,,0,0.07273470507564657,1
GSX1/HOXB1,GSX1,HOXB1,unlabeled_control,0.07531734838404933,1,-0.0792766135444174,4
MRPL23/MRPL38,MRPL23,MRPL38,unlabeled_control,,0,,0
ANAPC13/CDC26,ANAPC13,CDC26,unlabeled_control,,0,,0
LNPEP/NPEPPS,LNPEP,NPEPPS,unlabeled_control,,0,0.3228385855948021,2
IRX6/PBX3,IRX6,PBX3,unlabeled_control,-0.11453850336101738,2,-0.11453850336101738,4
LRP5/LRP11,LRP5,LRP11,unlabeled_control,-0.08333921583919168,4,-0.14979259829171876,10
H2AC1/H2AP,H2AC1,H2AP,unlabeled_control,,0,,0
GARIN3/GARIN5A,GARIN3,GARIN5A,unlabeled_control,-0.01615404915811823,1,0.07301218485760087,5
KCNJ5/KCNJ14,KCNJ5,KCNJ14,unlabeled_control,,0,-0.04753508882250737,1
PDE6H/PDE7B,PDE6H,PDE7B,unlabeled_control,,0,-0.09167454247614133,2
CRYBA1/CRYBB1,CRYBA1,CRYBB1,unlabeled_control,,0,-0.07308448187623856,1
MYH2/MYH8,MYH2,MYH8,unlabeled_control,0.056307927899967525,12,0.08696054607232981,21
MARVELD3/MYADML2,MARVELD3,MYADML2,unlabeled_control,,0,0.14140815438442939,1
DNAJB6/DNAJB12,DNAJB6,DNAJB12,unlabeled_control,,0,-0.03351545039958742,1
PHEX/ECE2,PHEX,ECE2,unlabeled_control,-0.07303651742837523,1,-0.07303651742837523,6
PPP1R14C/PPP1R14D,PPP1R14C,PPP1R14D,unlabeled_control,,0,,0
DSC2/DSG3,DSC2,DSG3,unlabeled_control,0.051564323482812674,3,0.1362617960489898,7
APOB/APOL6,APOB,APOL6,unlabeled_control,0.07814749016016523,14,-0.09737497425118453,17
LRP6/VLDLR,LRP6,VLDLR,unlabeled_control,0.04873077888544698,4,-0.10050471713429981,8
CCDC112/TRAF3IP3,CCDC112,TRAF3IP3,unlabeled_control,,0,0.1660484953318226,5
OR1D2/OR1N2,OR1D2,OR1N2,unlabeled_control,,0,0.07240350225588543,1
ADORA1/ADORA2A,ADORA1,ADORA2A,unlabeled_control,,0,0.10183400276774363,2
ZDHHC11B/ZDHHC24,ZDHHC11B,ZDHHC24,unlabeled_control,,0,-0.1168414402281691,2
OR6C2/OR6Q1,OR6C2,OR6Q1,unlabeled_control,0.03980699184728275,1,0.03980699184728275,2
CAPZA2/CAPZA3,CAPZA2,CAPZA3,unlabeled_control,0.05775239278469847,2,0.05775239278469847,3
FBXO7/FBXO41,FBXO7,FBXO41,unlabeled_control,0.03535577525569235,1,-0.2750223683817743,4
KCNA2/KCNA4,KCNA2,KCNA4,unlabeled_control,0.08861473894348529,2,-0.17034190335988805,10
SAMD9L/SAMD14,SAMD9L,SAMD14,unlabeled_control,-0.11892323022456963,6,-0.11892323022456963,9
KLF8/KLF9,KLF8,KLF9,unlabeled_control,,0,0.10833909043741735,3
MAGEB5/MAGEB6,MAGEB5,MAGEB6,unlabeled_control,-0.03226761597574676,3,-0.10849350881556052,7
GTPBP2/MTIF2,GTPBP2,MTIF2,unlabeled_control,0.1522349307518857,2,0.1522349307518857,7
FBXO21/FBXO34,FBXO21,FBXO34,unlabeled_control,0.10234795378354258,2,0.10234795378354258,4
UBAP2L/ERLIN1,UBAP2L,ERLIN1,unlabeled_control,0.10675329812079642,1,0.10675329812079642,6
ZNF449/ZSCAN30,ZNF449,ZSCAN30,unlabeled_control,,0,0.018451383301992308,1
SERPINB7/SERPINE3,SERPINB7,SERPINE3,unlabeled_control,,0,0.13651349549956887,3
APBA3/PDZD2,APBA3,PDZD2,unlabeled_control,-0.0824175095616213,7,0.11060072792852131,13
HNRNPA0/HNRNPD,HNRNPA0,HNRNPD,unlabeled_control,0.07964226920512088,1,0.10406272226083539,3
HOXB1/HOXD10,HOXB1,HOXD10,unlabeled_control,-0.012334841734289184,1,0.11882959163820718,4
LYPD1/PINLYP,LYPD1,PINLYP,unlabeled_control,,0,,0
MRPL4/MRPL51,MRPL4,MRPL51,unlabeled_control,,0,0.09053530862152886,1
PTN/UTS2B,PTN,UTS2B,unlabeled_control,,0,0.014149306499305982,2
SERPINE3/SERPINH1,SERPINE3,SERPINH1,unlabeled_control,-0.08907299962877674,1,-0.08907299962877674,2
ADRA2B/ADRA2C,ADRA2B,ADRA2C,unlabeled_control,0.09223327053739365,4,0.09223327053739365,6
NEFM/NES,NEFM,NES,unlabeled_control,-0.21727180291644818,10,-0.21727180291644818,13
MSANTD3/MYB,MSANTD3,MYB,unlabeled_control,0.021176953254630856,1,0.038825970526583486,2
GAST/NPFF,GAST,NPFF,unlabeled_control,,0,,0
MKI67/SPOCD1,MKI67,SPOCD1,unlabeled_control,-0.08786108098179535,9,-0.11528430774548555,19
FCER1A/FCRLB,FCER1A,FCRLB,unlabeled_control,,0,-0.061055529975573,2
KCNA10/KCNC2,KCNA10,KCNC2,unlabeled_control,-0.16556827968352394,3,-0.16556827968352394,8
MUC17/MUC22,MUC17,MUC22,unlabeled_control,0.08447371987064664,22,-0.10028636278392562,33
KRT71/KRT75,KRT71,KRT75,unlabeled_control,,0,0.1041204811036192,4
PRPH2/TSPAN19,PRPH2,TSPAN19,unlabeled_control,-0.0662095665837549,1,-0.0662095665837549,1
INO80D/INO80E,INO80D,INO80E,unlabeled_control,-0.010399672124391579,1,-0.24454623154828925,5
SERPINA10/SERPINB9,SERPINA10,SERPINB9,unlabeled_control,,0,-0.000932348450495446,1
PPP1R1C/PPP1R3D,PPP1R1C,PPP1R3D,unlabeled_control,-0.03431306838798236,1,-0.03431306838798236,2
DDX6/DDX17,DDX6,DDX17,unlabeled_control,,0,0.17966679314956047,4
ACOD1/MLYCD,ACOD1,MLYCD,unlabeled_control,,0,0.03295639173641861,1
AACS/ACSBG2,AACS,ACSBG2,unlabeled_control,,0,-0.07301757970374714,2
LZTR1/TNFAIP1,LZTR1,TNFAIP1,unlabeled_control,0.06090816272000893,2,0.06090816272000893,6
MRPL19/MRPL38,MRPL19,MRPL38,unlabeled_control,,0,,0
KCTD2/KCTD5,KCTD2,KCTD5,unlabeled_control,,0,-0.12336273154271843,1
LAG3/NCR1,LAG3,NCR1,unlabeled_control,0.10556585698941792,2,0.10556585698941792,4
TRAF3/TRAF4,TRAF3,TRAF4,unlabeled_control,,0,0.3149731786233363,4
GRAP/BLNK,GRAP,BLNK,unlabeled_control,,0,-0.10804604156168718,1
PPIP5K2/CFAP97,PPIP5K2,CFAP97,unlabeled_control,-0.09787669519100886,1,0.27363419149734514,4
GRP/UCN3,GRP,UCN3,unlabeled_control,,0,0.082282733918327,1
HMX1/TLX1,HMX1,TLX1,unlabeled_control,-0.06404637525952654,2,-0.06404637525952654,4
LY6D/LY6K,LY6D,LY6K,unlabeled_control,,0,,0
NUP54/NUP214,NUP54,NUP214,unlabeled_control,0.14310326429997566,2,-0.4655146005994192,5
KAZN/SAMD11,KAZN,SAMD11,unlabeled_control,-0.04430776790971434,2,-0.09286341162994964,6
TREML4/VPREB3,TREML4,VPREB3,unlabeled_control,,0,,0
CPA4/CPXM2,CPA4,CPXM2,unlabeled_control,-0.02211537609722684,1,-0.1281416485389516,5
SH2D2A/SH2D7,SH2D2A,SH2D7,unlabeled_control,,0,0.022992628044374255,3
ST6GAL1/ST8SIA5,ST6GAL1,ST8SIA5,unlabeled_control,,0,0.0397415032302153,2
GAL3ST4/NDST2,GAL3ST4,NDST2,unlabeled_control,0.09981422622824053,1,0.11050765622163852,5
SLC38A6/SLC38A8,SLC38A6,SLC38A8,unlabeled_control,,0,0.16708933034829598,4
SEBOX/DUXA,SEBOX,DUXA,unlabeled_control,,0,0.021750633014800846,1
FIGNL1/ATAD1,FIGNL1,ATAD1,unlabeled_control,-0.002308157549099424,1,0.13135327637906263,2
ACSL6/ACSM2B,ACSL6,ACSM2B,unlabeled_control,-0.05307090770450858,1,-0.06855475481496759,3
HAP1/CCDC66,HAP1,CCDC66,unlabeled_control,0.035937763965164744,2,0.1287954169228327,4
PDE4A/PDE9A,PDE4A,PDE9A,unlabeled_control,-0.08547240207064145,3,0.10404208990823618,7
PARD6B/SIPA1L1,PARD6B,SIPA1L1,unlabeled_control,0.1861408117833341,3,0.1861408117833341,11
OR52A5/OR52B6,OR52A5,OR52B6,unlabeled_control,-0.1137707594623171,3,-0.1137707594623171,4
GALNT8/GALNT14,GALNT8,GALNT14,unlabeled_control,0.05393890394217568,3,0.16228944755385646,10
MAPT/TSKS,MAPT,TSKS,unlabeled_control,-0.07328123811333086,4,-0.1680281069014314,8
EPN2/EPN3,EPN2,EPN3,unlabeled_control,0.16652151041185914,3,0.16652151041185914,5
RBM47/RBPMS2,RBM47,RBPMS2,unlabeled_control,-0.06553822832384981,2,-0.06553822832384981,6
GALNT8/GALNT12,GALNT8,GALNT12,unlabeled_control,0.09078803827836274,2,0.13940865274434316,8
AVL9/DENND4B,AVL9,DENND4B,unlabeled_control,-0.2006323477142809,3,-0.2006323477142809,7
MRM3/TRMT10A,MRM3,TRMT10A,unlabeled_control,0.0927144316826114,3,0.1928211542535659,10
RPL12/RPL18A,RPL12,RPL18A,unlabeled_control,,0,,0
ADA/AMPD2,ADA,AMPD2,unlabeled_control,,0,0.02969576230058367,4
NARS1/DARS1,NARS1,DARS1,unlabeled_control,-0.00647596160100794,1,0.14642462896254438,3
MRPL19/MRPL21,MRPL19,MRPL21,unlabeled_control,,0,,0
DNAJB2/DNAJB4,DNAJB2,DNAJB4,unlabeled_control,-0.11843585620681792,1,-0.11843585620681792,2
NPBWR1/NPBWR2,NPBWR1,NPBWR2,unlabeled_control,,0,0.1153830801749208,3
