id	description	manuscript	recomputed	source	status
full_auroc	Full-set AUROC (110 entries, 8 positives)	0.676	0.676	output/headline_metrics.json	match
full_n	Full-set entries	110	110	output/headline_metrics.json	match
full_pos	Full-set positives	8	8	output/headline_metrics.json	match
full_auprc	Full-set AUPRC	0.386	0.386	output/headline_metrics.json	match
leave_out_auroc	Leave-out (DepMap-era removed) AUROC	0.725	0.725	output/headline_metrics.json	match
pre_depmap_auroc	Pre-DepMap evidence AUROC	0.774	0.775	output/headline_metrics.json	match
tier_ab_auroc	Tier A∪B primary benchmark AUROC	1.000	1.000	output/headline_metrics.json	match
tier_ab_pos	Tier A∪B evaluable positives	2	2	output/headline_metrics.json	match
direction_strict	Direction-strict AUROC	0.676	0.676	output/headline_metrics.json	match
llo_lo	Leave-one-lineage-out lower bound	0.656	0.656	output/headline_metrics.json	match
llo_hi	Leave-one-lineage-out upper bound	0.704	0.704	output/headline_metrics.json	match
comp_dd	Component: DD	0.676	0.676	output/headline_metrics.json	match
comp_pcs	Component: PCS	0.825	0.825	output/headline_metrics.json	match
comp_dexpr	Component: ΔExpression	0.547	0.547	output/headline_metrics.json	match
comp_nec	Component: necessity	0.642	0.642	output/headline_metrics.json	match
pb_pcs_dd	Paired bootstrap PCS−DD	+0.150	0.150	output/headline_metrics.json	match
pb_pcs_dd_lo	Paired bootstrap CI lower	-0.110	-0.110	output/headline_metrics.json	match
pb_pcs_dd_hi	Paired bootstrap CI upper	+0.456	0.456	output/headline_metrics.json	match
pp_auroc	Per-pair AUROC (72 pairs, 6 positives)	0.500	0.500	output/validation_report.json	match
pp_n	Per-pair universe	72	72	output/validation_report.json	match
pp_null	Permutation null mean	0.501	0.501	output/validation_report.json	match
pp_p	Permutation empirical p	0.503	0.503	output/validation_report.json	match
pp_bs_lo	Per-pair bootstrap CI lower	0.185	0.185	output/validation_report.json	match
pp_bs_hi	Per-pair bootstrap CI upper	0.813	0.813	output/validation_report.json	match
pp_mean_dd	Per-pair mean |DD| AUROC	0.566	0.566	output/headline_metrics.json	match
pp_comp	Composite AUROC	0.831	0.831	output/headline_metrics.json	match
pp_comp_auprc	Composite AUPRC	0.356	0.356	output/headline_metrics.json	match
pp_baseline	Baseline prevalence	0.083	0.083	output/headline_metrics.json	match
pp_enrich	AUPRC enrichment ×baseline	4.3	4.278	output/headline_metrics.json	match
ml_svmrbf	SVM-RBF AUROC	0.843	0.843	output/ml_benchmark.json	match
ml_rf	Random forest AUROC	0.722	0.722	output/ml_benchmark.json	match
ml_svmlin	SVM-Linear AUROC	0.114	0.114	output/ml_benchmark.json	match
ml_lr	Logistic regression AUROC	0.136	0.136	output/ml_benchmark.json	match
ml_dd	DD alone AUROC	0.566	0.566	output/ml_benchmark.json	match
ml_comp	Composite alone AUROC	0.831	0.831	output/ml_benchmark.json	match
ml_lr_feat_p	All LR feature p-values > 0.23	>0.23	min p = 0.239	output/ml_benchmark.json	match
lin_neval	Evaluable lineages (primary ≥5 frame)	8	8	output/solid_tumor_summary.csv	match
lin_n07	Lineages with AUROC ≥ 0.7	7	7	output/solid_tumor_summary.csv	match
lin_Esopha	Esophagogastric AUROC (primary frame)	0.965	0.965	output/solid_tumor_summary.csv	match
lin_SCLC	SCLC AUROC (primary frame)	0.906	0.906	output/solid_tumor_summary.csv	match
lin_Bladde	Bladder Urothelial AUROC (primary frame)	0.844	0.844	output/solid_tumor_summary.csv	match
lin_Colore	Colorectal AUROC (primary frame)	0.828	0.828	output/solid_tumor_summary.csv	match
lin_Endome	Endometrial AUROC (primary frame)	0.818	0.818	output/solid_tumor_summary.csv	match
lin_Breast	Breast AUROC (primary frame)	0.750	0.750	output/solid_tumor_summary.csv	match
lin_NSCLC	NSCLC AUROC (primary frame)	0.741	0.741	output/solid_tumor_summary.csv	match
lin_Ovaria	Ovarian AUROC (primary frame)	0.661	0.661	output/solid_tumor_summary.csv	match
lin3_neval	Evaluable lineages (sensitivity ≥3 frame)	12	12	output/solid_tumor_summary_min3.csv	match
lin3_n07	Sensitivity lineages with AUROC ≥ 0.7	9	9	output/solid_tumor_summary_min3.csv	match
lin3_Biliar	Biliary Tract AUROC (sensitivity frame)	0.990	0.990	output/solid_tumor_summary_min3.csv	match
lin3_Pancre	Pancreatic AUROC (sensitivity frame)	0.949	0.949	output/solid_tumor_summary_min3.csv	match
lin3_Melano	Melanoma AUROC (sensitivity frame)	0.617	0.617	output/solid_tumor_summary_min3.csv	match
lin3_Cervic	Cervical AUROC (sensitivity frame)	0.500	0.500	output/solid_tumor_summary_min3.csv	match
tsg_mean	TSG-driven mean AUROC (n=9)	0.814	0.814	output/solid_tumor_summary_min3.csv	match
onc_mean	Oncogene-driven mean AUROC (n=3)	0.768	0.768	output/solid_tumor_summary_min3.csv	match
tsg_perm_p	TSG vs ONC permutation p (exact, 220 combos)	0.645	0.645	output/solid_tumor_summary_min3.csv	match
tsg_mw_p	TSG vs ONC exact Mann-Whitney p	0.600	0.600	output/solid_tumor_summary_min3.csv	match
msi_endo_h	Endometrial MSI-H AUROC (sensitivity)	0.838	0.838	output/msi_key_numbers_min3.json	match
msi_endo_s	Endometrial MSS AUROC (sensitivity)	0.556	0.556	output/msi_key_numbers_min3.json	match
msi_col_h	Colorectal MSI-H AUROC (sensitivity)	0.767	0.767	output/msi_key_numbers_min3.json	match
msi_col_s	Colorectal MSS AUROC (sensitivity)	0.712	0.712	output/msi_key_numbers_min3.json	match
msi_n17	Endometrial MSI-H cell lines	17	17	output/msi_key_numbers_min3.json	match
msi_n11	Endometrial MSS cell lines	11	11	output/msi_key_numbers_min3.json	match
msi_n14	Colorectal MSI-H cell lines	14	14	output/msi_key_numbers_min3.json	match
msi_n45	Colorectal MSS cell lines	45	45	output/msi_key_numbers_min3.json	match
msi5_endo	Endometrial MSI subgroups not evaluable (primary frame)	not evaluable	not evaluable	output/msi_key_numbers_min5.json	match
msi5_col_h	Colorectal MSI-H AUROC (primary)	0.574	0.574	output/msi_key_numbers_min5.json	match
msi5_col_s	Colorectal MSS AUROC (primary)	0.595	0.595	output/msi_key_numbers_min5.json	match
mt_arid_t	ARID1A→ARID1B Ovarian truncating DD	0.388	0.388	output/muttype_all_results.csv	match
mt_arid_m	ARID1A→ARID1B Ovarian missense DD	0.020	0.020	output/muttype_all_results.csv	match
mt_ep_t	EP300→CREBBP Colorectal truncating DD	0.464	0.464	output/muttype_all_results.csv	match
mt_ep_m	EP300→CREBBP Colorectal missense DD	0.150	0.150	output/muttype_all_results.csv	match
mt_br_all	Breast all-DD AUROC (muttype frame)	0.735	0.735	output/muttype_all_results.csv	match
mt_br_t	Breast truncating-only AUROC	0.726	0.726	output/muttype_all_results.csv	match
mt_br_m	Breast missense-only AUROC	0.391	0.391	output/muttype_all_results.csv	match
mt_miss_mean	Pan-pair mean |DD missense|	0.042	0.042	output/muttype_all_results.csv	match
mt_trunc_mean	Pan-pair mean |DD truncating|	0.026	0.026	output/muttype_all_results.csv	match
mt_paired_p	Paired t-test p	3e-4	2.95e-04	output/muttype_all_results.csv	match
mt_panelb_mean	Fig S6b mean(|trunc|−|miss|)	-0.015	-0.015	output/muttype_all_results.csv	match
dir_abs	Full frame |DD| AUROC	0.676	0.676	output/direction_audit.json	match
dir_signed	Full frame signed-DD AUROC	0.629	0.629	output/direction_audit.json	match
dir_neg	Positive entries with DD<0	3	3	output/direction_audit.json	match
dir_tier	Tier A∪B frame signed = absolute	1.000	1.000	output/direction_audit.json	match
dws_arid	ARID1A→ARID1B mean DWS	2.82	2.819	output/therapeutic_window_paralog_classification.csv	match
dws_arid_sel	ARID1A→ARID1B mean selectivity	+0.28	0.277	output/therapeutic_window_paralog_classification.csv	match
dws_arid_dd	ARID1A→ARID1B mean |DD|	0.270	0.270	output/therapeutic_window_paralog_classification.csv	match
dws_smarca	SMARCA4→SMARCA2 mean DWS	4.87	4.874	output/therapeutic_window_paralog_classification.csv	match
dws_smarca_sel	SMARCA4→SMARCA2 selectivity	+0.18	0.181	output/therapeutic_window_paralog_classification.csv	match
dws_nf1	NF1→RASA2 mean DWS	5.42	5.421	output/therapeutic_window_paralog_classification.csv	match
dws_nf1_sel	NF1→RASA2 selectivity	0.005	0.005	output/therapeutic_window_paralog_classification.csv	match
dws_nf1_pan	NF1→RASA2 pan-essential denominator (%)	0.1	0.134	output/therapeutic_window_paralog_classification.csv	match
dws_pan_brca_lo	BRCA1/2 pan-essential fraction lower	0.53	0.532	output/therapeutic_window_paralog_classification.csv	match
dws_pan_brca_hi	BRCA1/2 pan-essential fraction upper	0.55	0.545	output/therapeutic_window_paralog_classification.csv	match
dws_pan_crkl	PIK3R1→CRKL pan-essential fraction	0.73	0.726	output/therapeutic_window_paralog_classification.csv	match
dws_npairs	Evaluated pairs (Table S5)	21	21	output/therapeutic_window_paralog_classification.csv	match
dws_n_gt1	Pairs with DWS > 1.0 in ≥2 contexts	9	9	output/therapeutic_window_all_results.csv	match
dws_tier_hs	HIGH_SELECTIVITY pairs	2	2	output/therapeutic_window_paralog_classification.csv	match
dws_tier_mod	MODERATE pairs	5	5	output/therapeutic_window_paralog_classification.csv	match
dws_tier_low	LOW_SELECTIVITY pairs	11	11	output/therapeutic_window_paralog_classification.csv	match
dws_tier_pan	PAN_ESSENTIAL pairs	3	3	output/therapeutic_window_paralog_classification.csv	match
comp_top1	Composite rank 1 score (NF1→RASA2; Table S9)	0.695	0.695	output/alphafold_structural_analysis.csv	match
comp_top2	Composite rank 2 score (ARID1A→ARID1B; Table S9)	0.631	0.631	output/alphafold_structural_analysis.csv	match
struct_npairs	Scored structural pairs (text: 13)	13	13	output/alphafold_structural_analysis.csv	match
struct_domain_perfect	Perfect domain conservation (text: 5 of 13)	5	5	output/alphafold_structural_analysis.csv	match
struct_domain_nonzero	Non-zero domain overlap (Fig. S13 caption: 10)	10	10	output/alphafold_structural_analysis.csv	match
struct_domain_pct	Perfect domain conservation share (text: 38%)	0.38	0.385	output/alphafold_structural_analysis.csv	match
dws_sens_rho_mu	Table S10: rho, denominator |mu| only	0.990	0.990	output/dws_robustness.json	match
dws_sens_rho_f	Table S10: rho, denominator f only	0.893	0.893	output/dws_robustness.json	match
dws_sens_rho_mean	Table S10: rho, denominator mean(|mu|, f)	0.988	0.988	output/dws_robustness.json	match
dws_sens_rho_f0001	Table S10: rho, floor 0.001	1.000	1.000	output/dws_robustness.json	match
dws_sens_rho_f005	Table S10: rho, floor 0.05	0.974	0.974	output/dws_robustness.json	match
dws_sens_top5_mu	Table S10: top-5 overlap, |mu| only	4	4	output/dws_robustness.json	match
dws_sens_top5_f	Table S10: top-5 overlap, f only	4	4	output/dws_robustness.json	match
dws_sens_top5_mean	Table S10: top-5 overlap, mean(|mu|, f)	4	4	output/dws_robustness.json	match
dws_sens_top5_f0001	Table S10: top-5 overlap, floor 0.001	5	5	output/dws_robustness.json	match
dws_sens_top5_f005	Table S10: top-5 overlap, floor 0.05	5	5	output/dws_robustness.json	match
dws_hs_n_010	Table S10: HS pairs at threshold 0.10	3	3	output/dws_robustness.json	match
dws_hs_n_015	Table S10: HS pairs at threshold 0.15	2	2	output/dws_robustness.json	match
dws_hs_n_020	Table S10: HS pairs at threshold 0.20	1	1	output/dws_robustness.json	match
dws_hs_flip_010	Table S10: flips at threshold 0.10	1	1	output/dws_robustness.json	match
dws_hs_flip_020	Table S10: flips at threshold 0.20	1	1	output/dws_robustness.json	match
dws_boot_dws_lo_ARID1A	Table S5: ARID1A→ARID1B DWS CI lower	1.76	1.755	output/dws_robustness.json	match
dws_boot_dws_hi_ARID1A	Table S5: ARID1A→ARID1B DWS CI upper	5.89	5.889	output/dws_robustness.json	match
dws_boot_sel_lo_ARID1A	Table S5: ARID1A→ARID1B selectivity CI lower	0.19	0.191	output/dws_robustness.json	match
dws_boot_sel_hi_ARID1A	Table S5: ARID1A→ARID1B selectivity CI upper	0.37	0.366	output/dws_robustness.json	match
dws_boot_dws_lo_SMARCA4	Table S5: SMARCA4→SMARCA2 DWS CI lower	3.28	3.284	output/dws_robustness.json	match
dws_boot_dws_hi_SMARCA4	Table S5: SMARCA4→SMARCA2 DWS CI upper	7.78	7.779	output/dws_robustness.json	match
dws_boot_sel_lo_SMARCA4	Table S5: SMARCA4→SMARCA2 selectivity CI lower	0.07	0.070	output/dws_robustness.json	match
dws_boot_sel_hi_SMARCA4	Table S5: SMARCA4→SMARCA2 selectivity CI upper	0.32	0.323	output/dws_robustness.json	match
dws_boot_dws_lo_NF1	Table S5: NF1→RASA2 DWS CI lower	1.22	1.218	output/dws_robustness.json	match
dws_boot_dws_hi_NF1	Table S5: NF1→RASA2 DWS CI upper	13.83	13.832	output/dws_robustness.json	match
dws_boot_sel_lo_NF1	Table S5: NF1→RASA2 selectivity CI lower	0.00	-0.001	output/dws_robustness.json	match
dws_boot_sel_hi_NF1	Table S5: NF1→RASA2 selectivity CI upper	0.02	0.016	output/dws_robustness.json	match
dws_boot_dws_lo_EP300	Table S5: EP300→CREBBP DWS CI lower	1.13	1.125	output/dws_robustness.json	match
dws_boot_dws_hi_EP300	Table S5: EP300→CREBBP DWS CI upper	4.55	4.548	output/dws_robustness.json	match
dws_boot_sel_lo_EP300	Table S5: EP300→CREBBP selectivity CI lower	0.00	0.004	output/dws_robustness.json	match
dws_boot_sel_hi_EP300	Table S5: EP300→CREBBP selectivity CI upper	0.21	0.212	output/dws_robustness.json	match
ts2_rows	Table S2 associations	110	110	output/tables/TableS2_FullResults.tsv	match
ts2_cols	Table S2 columns	17	17	output/tables/TableS2_FullResults.tsv	match
ts2_arid_dd	ARID1A→ARID1B Ovarian DD (Table S2)	0.386	0.386	output/tables/TableS2_FullResults.tsv	match
ts2_arid_g	ARID1A→ARID1B Ovarian Hedges' g	1.39	1.392	output/tables/TableS2_FullResults.tsv	match
ts2_arid_q	ARID1A→ARID1B Ovarian q-value	0.39	0.386	output/tables/TableS2_FullResults.tsv	match
ts2_arid_q2	ARID1A→ARID1B Endometrial q-value	0.88	0.879	output/tables/TableS2_FullResults.tsv	match
reg_lin_p	ARID1A lineage-adjusted p	2.2e-13	2.24e-13	output/regression_controls.json	match
reg_tp53_lin_p	TP53+CNV+lineage adjusted p	7.0e-13	7.03e-14	output/regression_controls.json	match
id03_auroc	DD + ID >= 0.3 AUROC (Table 1)	1.000	1.000	output/headline_metrics.json	match
id03_npairs	DD + ID >= 0.3 unique pairs	3	3	output/headline_metrics.json	match
id03_npos	DD + ID >= 0.3 positives	2	2	output/headline_metrics.json	match
Table1_dd	Table1_Benchmark.tsv DD row	0.676	0.676	output/tables/Table1_Benchmark.tsv	match
Table1_id	Table1_Benchmark.tsv DD+ID row	1.000	1.000	output/tables/Table1_Benchmark.tsv	match
Table1_slm	Table1_Benchmark.tsv SLMGAE row	0.790	0.790	output/tables/Table1_Benchmark.tsv	match
Table2_dd	Table2_Benchmark.tsv DD row	0.676	0.676	output/tables/Table2_Benchmark.tsv	match
Table2_id	Table2_Benchmark.tsv DD+ID row	1.000	1.000	output/tables/Table2_Benchmark.tsv	match
Table2_slm	Table2_Benchmark.tsv SLMGAE row	0.790	0.790	output/tables/Table2_Benchmark.tsv	match
s3_rows	Table S3 pairs	12	12	output/tables/TableS3_GoldStandard.tsv	match
s3_tier_a	Table S3 Tier A == headline tier_a_pairs	['AKT1->AKT2', 'CDK4->CDK6', 'MAP2K1->MAP2K2']	['AKT1->AKT2', 'CDK4->CDK6', 'MAP2K1->MAP2K2']	output/tables/TableS3_GoldStandard.tsv	match
s3_tier_b	Table S3 Tier B == headline tier_b_pairs	['ARID1A->ARID1B', 'SMARCA4->SMARCA2']	['ARID1A->ARID1B', 'SMARCA4->SMARCA2']	output/tables/TableS3_GoldStandard.tsv	match
tcga_ngenes	TCGA paralog genes analysed (text + Table S8)	32	32	output/tcga_survival_v2.json (tcga_survival_v2.py)	match
tcga_n	TCGA patients with OS+expression (n=1,069)	1069	1069	output/tcga_survival_v2.json (tcga_survival_v2.py)	match
tcga_events	TCGA OS events (151 deaths)	151	151	output/tcga_survival_v2.json (tcga_survival_v2.py)	match
tcga_mv_n	Multivariable complete cases (n=1,050; Table S8 caption)	1050	1050	output/tcga_survival_v2.json (tcga_survival_v2.py)	match
tcga_mv_events	Multivariable events (143; Table S8 caption)	143	143	output/tcga_survival_v2.json (tcga_survival_v2.py)	match
tcga_arid1b_hr	ARID1B univariable HR per SD (text)	1.30	1.299	output/tcga_survival_v2.json (tcga_survival_v2.py)	match
tcga_arid1b_lo	ARID1B univariable CI low (text)	1.087	1.087	output/tcga_survival_v2.json (tcga_survival_v2.py)	match
tcga_arid1b_hi	ARID1B univariable CI high (text)	1.552	1.552	output/tcga_survival_v2.json (tcga_survival_v2.py)	match
tcga_arid1b_p	ARID1B univariable p (text)	0.004	0.004	output/tcga_survival_v2.json (tcga_survival_v2.py)	match
tcga_arid1b_hr_mv	ARID1B multivariable HR (text + Fig. 3c)	1.31	1.306	output/tcga_survival_v2.json (tcga_survival_v2.py)	match
tcga_arid1b_lo_mv	ARID1B multivariable CI low (text)	1.087	1.087	output/tcga_survival_v2.json (tcga_survival_v2.py)	match
tcga_arid1b_hi_mv	ARID1B multivariable CI high (text)	1.569	1.569	output/tcga_survival_v2.json (tcga_survival_v2.py)	match
tcga_arid1b_p_mv	ARID1B multivariable p (text)	0.004	0.004	output/tcga_survival_v2.json (tcga_survival_v2.py)	match
tcga_arid1b_ph	ARID1B Schoenfeld PH p (text)	0.27	0.271	output/tcga_survival_v2.json (tcga_survival_v2.py)	match
tcga_arid1b_q_uni	ARID1B univariable BH q (text: smallest 0.129)	0.129	0.129	output/tcga_survival_v2.json (tcga_survival_v2.py)	match
tcga_arid1b_q_mv	ARID1B multivariable BH q (text: 0.040)	0.040	0.040	output/tcga_survival_v2.json (tcga_survival_v2.py)	match
tcga_pik3ca_q_mv	PIK3CA multivariable BH q (text: 0.035)	0.035	0.035	output/tcga_survival_v2.json (tcga_survival_v2.py)	match
tcga_brca2_q_mv	BRCA2 multivariable BH q (text: 0.040)	0.040	0.040	output/tcga_survival_v2.json (tcga_survival_v2.py)	match
tcga_rbl1_q_mv	RBL1 multivariable BH q (text: 0.040)	0.040	0.040	output/tcga_survival_v2.json (tcga_survival_v2.py)	match
tcga_nfdr_mv	Genes passing FDR<0.05 in multivariable family (text: four — PIK3CA, ARID1B, BRCA2, RBL1)	4	4	output/tcga_survival_v2.json (tcga_survival_v2.py)	match
tcga_nfdr_uni	Genes passing FDR<0.05 in univariable family (text: none)	0	0	output/tcga_survival_v2.json (tcga_survival_v2.py)	match
co_npairs	Co-occurrence pairs analysed pan-cancer	5	5	output/cooccurrence_by_lineage.json (cooccurrence_by_lineage.py)	match
co_all_gt1	All key pairs co-occur (unadjusted OR > 1; text claim)	OR > 1 for all	min OR = 1.623	output/cooccurrence_by_lineage.json (cooccurrence_by_lineage.py)	match
co_or_ARID1A	ARID1A/ARID1B unadjusted OR (Fig. S12a)	5.72	5.722	output/cooccurrence_by_lineage.json (cooccurrence_by_lineage.py)	match
co_or_EP300	EP300/CREBBP unadjusted OR (Fig. S12a)	6.11	6.111	output/cooccurrence_by_lineage.json (cooccurrence_by_lineage.py)	match
co_or_PIK3CA	PIK3CA/PIK3CB unadjusted OR (Fig. S12a)	6.84	6.836	output/cooccurrence_by_lineage.json (cooccurrence_by_lineage.py)	match
co_or_BRCA1	BRCA1/BRCA2 unadjusted OR (Fig. S12a)	4.53	4.528	output/cooccurrence_by_lineage.json (cooccurrence_by_lineage.py)	match
co_or_SMARCA4	SMARCA4/SMARCA2 unadjusted OR (Fig. S12a)	1.62	1.623	output/cooccurrence_by_lineage.json (cooccurrence_by_lineage.py)	match
co_arid_adj_or	ARID1A/ARID1B TMB-adjusted OR (text + Fig. S12)	2.38	2.379	output/cooccurrence_by_lineage.json (cooccurrence_by_lineage.py)	match
co_arid_adj_p	ARID1A/ARID1B TMB-adjusted p (text)	0.002	0.002	output/cooccurrence_by_lineage.json (cooccurrence_by_lineage.py)	match
co_ep300_adj_or	EP300/CREBBP TMB-adjusted OR (text + Fig. S12)	2.14	2.143	output/cooccurrence_by_lineage.json (cooccurrence_by_lineage.py)	match
co_ep300_adj_p	EP300/CREBBP TMB-adjusted p (text)	0.011	0.011	output/cooccurrence_by_lineage.json (cooccurrence_by_lineage.py)	match
co_nsig_adj	Pairs significant after TMB adjustment (text: 2)	2	2	output/cooccurrence_by_lineage.json (cooccurrence_by_lineage.py)	match
cptac_eval	CPTAC evaluable tests (text: 122 of 182)	122	122	output/cptac_counts_verification.json (verify_cptac_counts.py)	match
cptac_sig	CPTAC significant at global BH q<0.05 (text: 42)	42	42	output/cptac_counts_verification.json (verify_cptac_counts.py)	match
cptac_ucec_ntests	UCEC mutation-conditioned test family (text: ten)	10	10	output/arid1b_ucec_effects.json (arid1b_ucec_effects.py)	match
cptac_ucec_nmut	UCEC ARID1A-mutant tumours (n=37)	37	37	output/arid1b_ucec_effects.json (arid1b_ucec_effects.py)	match
cptac_ucec_nwt	UCEC wild-type tumours (n=58)	58	58	output/arid1b_ucec_effects.json (arid1b_ucec_effects.py)	match
cptac_ucec_log2diff	ARID1B log2 difference (text: 0.063)	0.063	0.063	output/arid1b_ucec_effects.json (arid1b_ucec_effects.py)	match
cptac_ucec_fc	ARID1B fold change (text: approx 1.05)	1.05	1.045	output/arid1b_ucec_effects.json (arid1b_ucec_effects.py)	match
cptac_ucec_boot_lo	ARID1B bootstrap 95% CI low (text: -0.018)	-0.018	-0.018	output/arid1b_ucec_effects.json (arid1b_ucec_effects.py)	match
cptac_ucec_boot_hi	ARID1B bootstrap 95% CI high (text: +0.141)	+0.141	0.141	output/arid1b_ucec_effects.json (arid1b_ucec_effects.py)	match
cptac_ucec_rbs	ARID1B rank-biserial r (text: 0.213)	0.213	0.213	output/arid1b_ucec_effects.json (arid1b_ucec_effects.py)	match
cptac_ucec_p	ARID1B Wilcoxon p (text: 0.082)	0.082	0.082	output/arid1b_ucec_effects.json (arid1b_ucec_effects.py)	match
cptac_ucec_q	ARID1B BH q across ten UCEC tests (text: 0.27)	0.27	0.273	output/arid1b_ucec_effects.json (arid1b_ucec_effects.py)	match
msi_boot_endo_delta	Endometrial MSI-H vs MSS delta AUROC (text: +0.282)	+0.282	0.282	output/msi_bootstrap_test.json (msi_bootstrap_test.py)	match
msi_boot_endo_p	Endometrial bootstrap p (text: 0.34)	0.34	0.341	output/msi_bootstrap_test.json (msi_bootstrap_test.py)	match
msi_boot_crc_delta	Colorectal MSI-H vs MSS delta AUROC (text: +0.055)	+0.055	0.055	output/msi_bootstrap_test.json (msi_bootstrap_test.py)	match
msi_boot_crc_p	Colorectal bootstrap p (text: 0.83)	0.83	0.835	output/msi_bootstrap_test.json (msi_bootstrap_test.py)	match
prism_d_azd8330	AZD8330 Cohen's d (text)	-0.62	-0.622	output/prism_delta_auc.json (prism_delta_auc.py)	match
prism_dauc_azd8330	AZD8330 delta AUC (text)	-0.37	-0.368	output/prism_delta_auc.json (prism_delta_auc.py)	match
prism_q_azd8330	AZD8330 BH q (text)	0.0007	7.31e-04	output/prism_delta_auc.json (prism_delta_auc.py)	match
prism_d_trametinib	TRAMETINIB Cohen's d (text)	-0.57	-0.575	output/prism_delta_auc.json (prism_delta_auc.py)	match
prism_dauc_trametinib	TRAMETINIB delta AUC (text)	-0.24	-0.244	output/prism_delta_auc.json (prism_delta_auc.py)	match
prism_q_trametinib	TRAMETINIB BH q (text)	0.0006	5.54e-04	output/prism_delta_auc.json (prism_delta_auc.py)	match
prism_d_everolimus	EVEROLIMUS Cohen's d (text)	-0.61	-0.611	output/prism_delta_auc.json (prism_delta_auc.py)	match
prism_dauc_everolimus	EVEROLIMUS delta AUC (text)	-0.32	-0.322	output/prism_delta_auc.json (prism_delta_auc.py)	match
prism_q_everolimus	EVEROLIMUS BH q (text)	0.0009	9.26e-04	output/prism_delta_auc.json (prism_delta_auc.py)	match
prism_d_ipatasertib	IPATASERTIB Cohen's d (text)	-0.99	-0.994	output/prism_delta_auc.json (prism_delta_auc.py)	match
prism_dauc_ipatasertib	IPATASERTIB delta AUC (text)	-0.14	-0.144	output/prism_delta_auc.json (prism_delta_auc.py)	match
prism_q_ipatasertib	IPATASERTIB BH q (text)	0.0001	1.39e-04	output/prism_delta_auc.json (prism_delta_auc.py)	match
prism_d_panobinostat	PANOBINOSTAT Cohen's d (text)	-1.45	-1.453	output/prism_delta_auc.json (prism_delta_auc.py)	match
prism_dauc_panobinostat	PANOBINOSTAT delta AUC (text)	-0.34	-0.339	output/prism_delta_auc.json (prism_delta_auc.py)	match
prism_q_panobinostat	PANOBINOSTAT BH q (text)	0.010	0.010	output/prism_delta_auc.json (prism_delta_auc.py)	match
s9_r_all	k-mer vs NW Pearson r (all pairs)	0.88	0.882	output/kmer_nw_correlation.csv (R_figS9.R)	match
s9_n_all	Validation pairs total	50	50	output/kmer_nw_correlation.csv (R_figS9.R)	match
s9_p_all	Overall r p < 1e-16 (Methods claim)	p < 1e-16	p = 2.47e-17	output/kmer_nw_correlation.csv (R_figS9.R)	match
s9_r_par	r within paralogs	0.91	0.906	output/kmer_nw_correlation.csv (R_figS9.R)	match
s9_n_par	Paralog pairs	13	13	output/kmer_nw_correlation.csv (R_figS9.R)	match
s9_r_non	r within non-paralogs	0.41	0.413	output/kmer_nw_correlation.csv (R_figS9.R)	match
s9_n_non	Non-paralog pairs	37	37	output/kmer_nw_correlation.csv (R_figS9.R)	match
in4_npairs	in4mer gold-standard pairs (Nat Commun 2024)	13	13	output/in4mer_benchmark_summary.json (in4mer_benchmark.py)	match
in4_controls	Unlabeled control pairs sampled (seed 42)	400	400	output/in4mer_benchmark_summary.json (in4mer_benchmark.py)	match
in4_min3_npos	in4mer pairs evaluable at >=3 threshold	10	10	output/in4mer_benchmark_summary.json (in4mer_benchmark.py)	match
in4_min3_auroc	in4mer min3 AUROC (0.50)	0.50	0.498	output/in4mer_benchmark_summary.json (in4mer_benchmark.py)	match
in4_min3_p	in4mer min3 permutation p (0.51)	0.51	0.508	output/in4mer_benchmark_summary.json (in4mer_benchmark.py)	match
in4_min5_npos	in4mer pairs evaluable at >=5 threshold	3	3	output/in4mer_benchmark_summary.json (in4mer_benchmark.py)	match
in4_min5_auroc	in4mer min5 exploratory AUROC (0.68)	0.68	0.683	output/in4mer_benchmark_summary.json (in4mer_benchmark.py)	match
in4_min3_nneg	Controls evaluable at >=3 threshold (Fig. S11)	326	326	output/in4mer_benchmark_summary.json (in4mer_benchmark.py)	match
in4_p90	Control 90th pct of |DD| at >=3 (Fig. S11: 0.217)	0.217	0.217	output/in4mer_benchmark.csv	match
in4_above_p90	in4mer pairs above control 90th pct (3: ARFGEF1/2, HDAC1/2, SLC25A28/37)	3 pairs	3 pairs (p90=0.217)	output/in4mer_benchmark.csv	match
