driver_gene,paralog_gene,pcs,delta_expression,necessity,dependency_dd,cohens_d,hedges_g,dd_p_value,expr_p_value,expr_t_stat,n_mut,n_wt,cancer_type,mutation_frequency,q_value,pass_threshold,pcs_rank,pcs_norm,dd_norm,composite_score,is_known_paralog_sl
TP53,TP73,0.0016732840688823173,0.025023800995472856,0.06686770204035099,-0.028443116181952943,-0.1782190537754817,-0.17509240370924517,0.6803576292838457,0.9565661967587029,0.05683105109641791,39,6,Colorectal_MSS,0.8666666666666667,0.9565661967587029,False,1.0,1.0,0.0,0.5,False
TP53,TP63,0.0,-0.5213654099869012,0.08440815651650543,0.07741445059841433,0.4767073241971361,0.4683440378077126,0.19780493338718827,0.551361052557349,-0.6335270181056197,39,6,Colorectal_MSS,0.8666666666666667,0.9565661967587029,False,2.0,0.0,1.0,0.2,False
KRAS,DIRAS3,0.03419775011641603,0.2198966890438625,0.15551734892013153,0.025632344493855153,0.16328469458163863,0.16042005081704847,0.5802931698463155,0.4917396926862942,0.6937398321954092,27,18,Colorectal_MSS,0.6,0.9223435286176561,False,1.0,1.0,0.2262223255522049,0.6203735863038997,False
KRAS,RASL11A,0.028746396272438576,0.507726220981656,0.056617907613396974,-0.025838680135934808,-0.18180569485685447,-0.17861612126287454,0.5531406297169538,0.33646683916592746,0.9746131824656589,27,18,Colorectal_MSS,0.6,0.9223435286176561,False,2.0,0.8405932020258658,0.228177035745071,0.5410611293554058,False
KRAS,RRAS2,0.00900535734541198,0.11700715998449951,0.0769641562670606,-0.08673353490363934,-0.5924468746642303,-0.5820530698455596,0.052820012033196945,0.7943178076141397,0.26291239627300034,27,18,Colorectal_MSS,0.6,0.9223435286176561,False,5.0,0.26333186583198986,0.8050613399196339,0.3678073220933804,False
KRAS,RASL10A,0.008124412496672014,0.04499732031422926,0.18055325161447167,0.07371363864469532,0.43032458242792404,0.42277502835024117,0.15997747752134198,0.5512370743770894,0.600664294341142,27,18,Colorectal_MSS,0.6,0.9223435286176561,False,6.0,0.23757154985386106,0.6817180160473952,0.3302584993298683,False
KRAS,RHEBL1,0.009641033467025715,0.2332001516548381,0.04134231216665548,0.05782085905135004,0.4318705879022667,0.42429391092152513,0.15762324522148333,0.30810424249920376,1.0317493903263235,27,18,Colorectal_MSS,0.6,0.9223435286176561,False,4.0,0.2819201097793187,0.5311585782741882,0.3223208917379557,False
KRAS,NRAS,0.0,-0.3579200230048274,0.22067675715211496,-0.08453062531167342,-0.35739282081021223,-0.35112277132231373,0.2511974885579127,0.06953906081246687,-1.885389304139227,27,18,Colorectal_MSS,0.6,0.8631163361255705,False,20.5,0.0,0.7841921881338461,0.3068384376267692,False
KRAS,RASL12,0.012182071766658703,0.15538903939395876,0.07839723969058991,0.014745641489525507,0.08436528540473025,0.08288519267833147,0.7853282026367093,0.5426156246458963,0.6151339369272087,27,18,Colorectal_MSS,0.6,0.9223435286176561,False,3.0,0.35622436345047487,0.12308769929575783,0.2778588427778477,False
KRAS,RHEB,0.0,-0.10045880658438833,0.44101769058109713,0.10731090424494971,0.3121893713326689,0.30671236481806063,0.30685311631271084,0.5487284069192657,-0.6045070510099658,27,18,Colorectal_MSS,0.6,0.9223435286176561,False,20.5,0.0,1.0,0.2751291211934587,False
KRAS,RRAS,0.002604756501277755,0.06113600829864385,0.04260593018362854,-0.08019598598042388,-0.5301547509886942,-0.5208537904450329,0.08120181210429568,0.831957494323172,0.21357383845214364,27,18,Colorectal_MSS,0.6,0.9223435286176561,False,8.0,0.07616748155684627,0.7431282032701895,0.26183850262591973,False
KRAS,RERG,0.0,-0.47792801327436285,0.08632292641733895,-0.05936434802269794,-0.33977518672964463,-0.33381421854140525,0.27170029548681507,0.08631163361255705,-1.8097287942590352,27,18,Colorectal_MSS,0.6,0.8631163361255705,False,20.5,0.0,0.5457807424066722,0.25915614848133445,False
KRAS,RERGL,0.0,-0.11909851404616359,-0.09649265293353555,-0.09672460272539152,-0.5573477727703317,-0.5475697416690978,0.09002729269974989,0.1835327836269637,-1.3862291924734018,27,18,Colorectal_MSS,0.6,0.9223435286176561,False,20.5,0.0,0.899711211904699,0.2550713635743985,False
KRAS,RIT1,0.0,-0.5652893805371755,0.19656071722882473,-0.03820291087975833,-0.21143054725605007,-0.2077212394094527,0.4902588689740847,0.05181997208333789,-2.035215844510254,27,18,Colorectal_MSS,0.6,0.8631163361255705,False,20.5,0.0,0.3453089457646216,0.21906178915292432,False
KRAS,DIRAS1,0.0,-0.05890017148404347,-0.01901738757814411,-0.06290001489863213,-0.8194791636441326,-0.8051023362117794,0.007429142578032521,0.8424625805785562,-0.2006286765647606,27,18,Colorectal_MSS,0.6,0.9223435286176561,False,20.5,0.0,0.5792757024208979,0.19098426167763827,False
KRAS,RALA,0.003741427560351632,0.027884281110065245,0.13417694168206862,-0.026917374270726713,-0.1803087977044681,-0.17714548546403883,0.5611184276846889,0.8608539600431457,0.17637267572516588,27,18,Colorectal_MSS,0.6,0.9223435286176561,False,7.0,0.10940566404558953,0.2383959896737802,0.17751115115100952,False
KRAS,RAP2C,0.0,-0.10632109020027825,-0.1358452100341912,-0.046438781846614374,-0.30123083362310854,-0.29594608215603646,0.33821156527369434,0.5894368203252905,-0.5448672965720721,27,18,Colorectal_MSS,0.6,0.9223435286176561,False,20.5,0.0,0.42333104976848884,0.1597953311471565,False
KRAS,RALB,0.0006450709099329038,0.21681709871358468,0.0029751846775933587,0.0297473125163175,0.22235400952760453,0.21845306199203252,0.47867164877270446,0.27270664163954655,1.1171884511490653,27,18,Colorectal_MSS,0.6,0.9223435286176561,False,10.0,0.01886296343288528,0.2652052654638662,0.13760165600267457,False
KRAS,MRAS,0.0,0.17415581294244342,-0.015696664219899067,-0.03175682183197082,-0.2146857031636156,-0.21091928731863988,0.5081338798464994,0.63897685669419,0.4733659661165672,27,18,Colorectal_MSS,0.6,0.9223435286176561,False,20.5,0.0,0.28424224958535194,0.1319775711105291,False
KRAS,ERAS,0.0,0.0037250514376585622,-0.09870162113310209,-0.02672765262698354,-0.22576247286426726,-0.2217068595792804,0.4616200196347098,0.8534944944483991,0.18577631931156616,27,18,Colorectal_MSS,0.6,0.9223435286176561,False,20.5,0.0,0.2365986713477058,0.12244885546299986,False
KRAS,NKIRAS2,0.0,-0.0892345319767962,-0.06095167985270407,0.02580174633422945,0.17535053961446695,0.17227421435807277,0.5711084805765055,0.6566793077104475,-0.4483083522175477,27,18,Colorectal_MSS,0.6,0.9223435286176561,False,20.5,0.0,0.22782714525631634,0.12069455024472198,False
KRAS,RIT2,0.0,-0.0040065368220617145,-0.11976103984755841,-0.024632012587010754,-0.20007336916351792,-0.19656331005538602,0.5051307483427648,0.5783944107528894,-0.5606301487043199,27,18,Colorectal_MSS,0.6,0.9223435286176561,False,20.5,0.0,0.21674573219756246,0.1184782676329712,False
KRAS,RASL10B,0.0,-0.15145408994118204,0.12293100942354462,0.016825671026396094,0.0922414531086952,0.09062318200152511,0.7513264497286546,0.7157774449545644,-0.3667220160232758,27,18,Colorectal_MSS,0.6,0.9223435286176561,False,20.5,0.0,0.1427927531400854,0.10368767182147579,False
KRAS,DIRAS2,0.0,-0.11595227062228017,-0.0493003395841572,-0.01670409416970072,-0.12229257239512768,-0.12014708866889737,0.6934267370570403,0.6557869278263594,-0.4490922433912819,27,18,Colorectal_MSS,0.6,0.9223435286176561,False,20.5,0.0,0.14164100098227198,0.10345732138991309,False
KRAS,RASL11B,0.0,-0.3380438700906871,0.02461749069950908,0.01533060292568571,0.09620154833513235,0.09451380187311248,0.7517895113861509,0.31351525761218035,-1.0283264987391623,27,18,Colorectal_MSS,0.6,0.9223435286176561,False,20.5,0.0,0.12862930165864253,0.10085498152518721,False
KRAS,RAP1B,0.0,-0.13574951678138714,0.4250483568832675,0.011823542680953203,0.05727469318962373,0.056269874010858395,0.8492507530931462,0.5542253993473807,-0.5969629283696162,27,18,Colorectal_MSS,0.6,0.9223435286176561,False,20.5,0.0,0.09540534510765707,0.09421019021499011,False
KRAS,NKIRAS1,0.0,-0.12103278367948711,-0.046326681231624534,-0.008074329721169289,-0.07479499561318476,-0.07348280270769028,0.811312789671729,0.48565503119446646,-0.7034400074122013,27,18,Colorectal_MSS,0.6,0.9223435286176561,False,20.5,0.0,0.05988736714781363,0.08710659462302142,False
KRAS,RAP1A,0.0,-0.09760588129952819,0.1917539921631519,0.004642349764567677,0.025587567698360406,0.025138663001897942,0.9356320072560345,0.4918157342604504,-0.6945308395733407,27,18,Colorectal_MSS,0.6,0.9223435286176561,False,20.5,0.0,0.027374679881250353,0.08060405716970877,False
KRAS,RAP2A,0.0,-0.35686722515912583,0.1526784498066791,-0.0029558820016787057,-0.019994366815797002,-0.01964358845060758,0.9484393693278578,0.284068580081827,-1.09277709123022,27,18,Colorectal_MSS,0.6,0.9223435286176561,False,20.5,0.0,0.011398013451576728,0.07740872388377405,False
KRAS,RASD2,0.0,-0.025195542779761104,0.15669597476459943,-0.0017527284945517696,-0.01307619296904201,-0.01284678607484829,0.9668112393684847,0.7196813726069367,-0.3623982961928845,27,18,Colorectal_MSS,0.6,0.9223435286176561,False,20.5,0.0,0.0,0.0751291211934587,False
KRAS,HRAS,0.0008285609546656628,0.0044658869488225506,0.18553110818985608,-0.02287498177811967,-0.15723249062573394,-0.15447402587791403,0.6148852599928976,0.9858605541560371,0.01789318028046914,27,18,Colorectal_MSS,0.6,0.9858605541560371,False,9.0,0.024228522398259372,0.2001005903466295,0.052134379268455586,False
KRAS,RAP2B,0.0,-0.005834851305776656,-0.05153581546930635,0.028715813878380157,0.17368189266767248,0.17063484191911682,0.5720287359572227,0.9794578082207901,-0.025950275023067456,27,18,Colorectal_MSS,0.6,0.9858605541560371,False,20.5,0.0,0.2554334156700954,0.05108668313401909,False
PIK3CA,PIK3CD,0.02462586057795141,0.12302999447743834,0.20016143772539455,0.15314614378412233,0.9353092052355056,0.9189002718103213,0.05060438500775682,0.6864866017570418,0.4141469997868884,7,38,Colorectal_MSS,0.15555555555555556,0.6864866017570418,False,1.0,1.0,0.8487473283012312,0.6697494656602463,False
PIK3CA,PIK3CB,0.02102003459529337,0.17068655665782773,0.12314991295671783,-0.1747534442288705,-0.912695747732878,-0.8966835416323011,0.004495568123393646,0.49933757130347617,0.70685725218303,7,38,Colorectal_MSS,0.15555555555555556,0.6864866017570418,False,2.0,0.8535756356110256,1.0,0.6267878178055128,True
PIK3CA,PIK3CG,0.0,-0.034336893692839265,0.04275735025603428,-0.0318977828903339,-0.3542882023710864,-0.348072619873348,0.25127830381533256,0.23457837800225886,-1.2322432543833972,7,38,Colorectal_MSS,0.15555555555555556,0.6864866017570418,False,3.0,0.0,0.0,0.0,False
BRAF,RAF1,0.022108307632020565,0.15462613401773595,0.14297911392833954,-0.3833651508374439,-1.2631942852843148,-1.2410329820337127,2.7039904691955986e-05,0.3117586496941049,1.0353016569858804,9,36,Colorectal_MSS,0.2,0.3117586496941049,False,1.0,0.0,0.0,0.0,False
SMAD4,SMAD5,0.013979437501415557,0.1587883952288931,0.08803815594498723,0.0,0.0,0.0,1.0,0.5919262069349326,0.5523275030915401,10,35,Colorectal_MSS,0.2222222222222222,0.5919262069349326,False,1.0,1.0,0.0,0.5,False
SMAD4,SMAD7,0.0,-0.6749586182184015,0.10455060477524827,-0.14756287104642898,-0.5667080470518401,-0.556765800612334,0.11250770251227417,0.1196149737648338,-1.658307828492703,10,35,Colorectal_MSS,0.2222222222222222,0.15948663168644506,False,3.0,0.0,1.0,0.35,False
SMAD4,SMAD9,0.0,-0.36227240280724426,0.006727014494395011,-0.0696957594125873,-0.5203202313097298,-0.5111918061990328,0.20056039390400943,0.057782134676999414,-1.9497726461782743,10,35,Colorectal_MSS,0.2222222222222222,0.15948663168644506,False,3.0,0.0,0.4723123026703534,0.24446246053407067,False
SMAD4,SMAD6,0.0,-0.6600231339066938,0.10871215866447513,-0.058315691008465106,-0.3476644046739238,-0.3415650291533286,0.28774524272230667,0.11670347224377554,-1.6513258554126815,10,35,Colorectal_MSS,0.2222222222222222,0.15948663168644506,False,3.0,0.0,0.395192168564657,0.2290384337129314,False
FBXW7,FBXW4,0.00691949521462399,0.08940862572952568,0.0773918082082649,-0.03210117002514998,-0.20512355535642288,-0.20152489649052072,0.554646674773317,0.7575770904928176,0.3169972057470424,9,36,Colorectal_MSS,0.2,0.9945444767262183,False,1.0,1.0,0.8567778131169257,0.6713555626233851,False
FBXW7,FBXW5,0.0,-0.19758348225419553,0.03527499634162457,-0.033736794678180235,-0.33692504936012424,-0.33101408358187645,0.3697191186593204,0.6291022763540712,-0.4972240921832038,9,36,Colorectal_MSS,0.2,0.9945444767262183,False,2.5,0.0,1.0,0.2,False
FBXW7,FBXW2,0.0,0.0015078110267676692,-0.04114348633526994,-0.022316604213098376,-0.1458291033657118,-0.14327069804350634,0.6761513485865395,0.9945444767262183,0.006980684565686106,9,36,Colorectal_MSS,0.2,0.9945444767262183,False,2.5,0.0,0.0,0.0,True
BRCA2,BRCA1,0.32709993762553025,0.6646049645649121,0.49217197442945415,0.3749006255655464,0.9827262573825981,0.96548544584957,0.2746170151388593,0.20203567162957556,1.701445382622607,3,42,Colorectal_MSS,0.06666666666666667,0.20203567162957556,False,1.0,0.0,0.0,0.0,True
NF1,RASA2,0.0,0.2174692524212789,-0.029424393077742278,-0.22080250114723843,-1.6366861472424783,-1.6079723551855927,0.0566036897552193,0.7041660871556128,0.4341239176654452,3,42,Colorectal_MSS,0.06666666666666667,0.7041660871556128,False,1.5,0.0,1.0,0.2,False
NF1,RASA1,0.0,-0.3550386241751382,-0.04019477479329002,-0.16302755195579025,-0.6759812243506742,-0.6641219046252237,0.4653833831016819,0.702406556616536,-0.43792358671381393,3,42,Colorectal_MSS,0.06666666666666667,0.7041660871556128,False,1.5,0.0,0.0,0.0,False
ATM,ATR,0.08205436787641733,0.07409797480467795,1.107376660329954,-0.3449010490315636,-1.0223896165637714,-1.004452956624056,0.06866139990212275,0.6980940760029953,0.4010519247428876,6,39,Colorectal_MSS,0.13333333333333333,0.6980940760029953,False,1.0,0.0,0.0,0.0,False
