driver_gene	paralog_gene	cancer_type	dependency_dd	cohens_d	hedges_g	dd_p_value	q_value	n_mut	n_wt	is_known_paralog_sl
ARID1A	ARID1B	Ovarian	0.3864038570844735	1.412137853001581	1.3920600636224114	0.0013664715761609	0.3863321894855043	14	41	True
ARID1A	ARID1B	Endometrial	0.2976763794772519	1.324049120408044	1.285484582920431	0.0003720142037244	0.8785216698622682	21	7	True
PIK3CA	PIK3CB	Endometrial	-0.1190583191807844	-0.6699186520527136	-0.6504064583036054	0.0885032789181023	0.1242893564931961	15	13	True
PIK3CA	PIK3CB	Ovarian	-0.1129602117024865	-0.5999131289751068	-0.5913835584209584	0.1222594062769343	0.6749795493611246	12	43	True
BRCA1	BRCA2	Ovarian	0.0638088304954411	0.2398956857985686	0.2364848466639918	0.6233173880993301	0.649755893614936	5	50	True
STK11	SIK1	Cervical	0.0362769749574782	0.3039556457172409	0.2873762468599369	0.5191674787535043	0.5409737799092611	6	10	True
FBXW7	FBXW2	Endometrial	0.0181085167127165	0.1656317157531993	0.1608074910225236	0.7313413898071391	0.931247735370951	8	20	True
BRCA2	BRCA1	Ovarian	-0.0022399625295969	-0.0067758234326184	-0.0066794847108276	0.9901019194072752	0.2984841881341751	5	50	True
PIK3R1	CRKL	Endometrial	0.244958090463513	0.3176968576971447	0.3084435511622764	0.5355936022087355	0.1564701114006824	7	21	False
KRAS	RRAS2	Ovarian	-0.1998681319662348	-1.5011792196259026	-1.4798354392520745	1.6923321605821552e-06	0.9831295613656932	8	47	False
BRCA1	BARD1	Ovarian	-0.1949908555549144	-0.5538405019970348	-0.5459659924899679	0.3588615187015073	0.649755893614936	5	50	False
KRAS	RHEB	Endometrial	-0.1594423727971457	-0.5984198749685005	-0.5809901698723305	0.1779803973878096	0.6531546030225304	6	22	False
KRAS	ERAS	Endometrial	0.145904148382284	1.2802562058545528	1.2429671901500512	0.0055261836441162	0.7503202350122962	6	22	False
KRAS	RAP1B	Ovarian	0.1283202438006263	0.6450812497577698	0.6359094784341996	0.0746143062508615	0.9831295613656932	8	47	False
KRAS	RRAS2	Endometrial	-0.1189419142934775	-0.9301570946620302	-0.903065140448573	0.0091368416776248	0.6341415356073031	6	22	False
KRAS	RASL10B	Endometrial	0.1134120426600401	1.1627717184251098	1.1289045809952525	0.011983481400703	0.0037524159459778	6	22	False
STK11	SIK2	Cervical	-0.1106938448403456	-0.8467498607038478	-0.8005635046654561	0.1882093738402818	0.5409737799092611	6	10	False
PIK3R1	SH2D2A	Endometrial	0.1058713353663841	0.5875620363398726	0.5704485789707501	0.2410545548632696	0.9541256752245454	7	21	False
KMT2D	KMT2C	Endometrial	0.1029746359526108	0.4442020084953226	0.4312640859177889	0.2535735380163018	0.0055734954957627	14	14	False
KRAS	RAP2B	Endometrial	0.0992529399345356	0.8035907050265001	0.7801851505111651	0.0457220952563077	0.65030974898788	6	22	False
PIK3R1	SHE	Endometrial	-0.0969403633799942	-0.722465649271012	-0.7014229604572932	0.0686446928448999	0.9541256752245454	7	21	False
KRAS	DIRAS2	Endometrial	-0.0949660928342362	-0.7498897054398713	-0.7280482577086129	0.0998775409189066	0.8765905769007566	6	22	False
PTEN	TNS2	Endometrial	-0.0902732131950828	-0.6441228262168126	-0.625361967200789	0.1060049308711692	0.031090108790086	17	11	False
KRAS	HRAS	Endometrial	-0.087184101192078	-0.5586681867660384	-0.5423962978311052	0.2592511664610812	0.4426235176901215	6	22	False
KRAS	DIRAS2	Ovarian	0.0869472955883193	0.8518047043261031	0.8396937369660163	0.0223474499017512	0.020092438297217	8	47	False
PIK3R1	SUPT6H	Endometrial	-0.0863018228755159	-0.2253363073415067	-0.218773113923793	0.6419734374138479	0.9541256752245454	7	21	False
KRAS	RASD2	Ovarian	0.0854979754075281	0.7124799180282892	0.7023498718003989	0.1186070216130232	0.9831295613656932	8	47	False
KRAS	NKIRAS2	Endometrial	0.0852612281942373	0.6874140444926884	0.6673922762064936	0.1860142667276183	0.4426235176901215	6	22	False
KRAS	RERGL	Endometrial	-0.0837154308879067	-0.9767791153407634	-0.948329238194916	0.032987417521991	0.65030974898788	6	22	False
FBXW7	FBXW4	Endometrial	0.0816782340176507	0.5037833098148182	0.4891100095289497	0.209247958636015	0.931247735370951	8	20	False
TP53	TP73	Ovarian	-0.0811102363738426	-0.5401610437805282	-0.5324810289400468	0.0963717850214433	0.1257634288854291	40	15	False
KRAS	RALB	Endometrial	-0.0792201209438319	-0.7761109086138569	-0.7535057365183077	0.045144262147517	0.4426235176901215	6	22	False
PIK3R1	SHC2	Endometrial	-0.0762099593797392	-0.665370030139546	-0.6459903205238311	0.1737970913027245	0.9541256752245454	7	21	False
PIK3R1	SHC3	Endometrial	-0.0753778568251904	-0.4502285861758064	-0.4371151322095208	0.2205572097783154	0.9541256752245454	7	21	False
KRAS	NRAS	Ovarian	-0.0726902408560027	-0.22391091874856	-0.2207273511834146	0.3731426758202091	0.9831295613656932	8	47	False
KRAS	RAP2C	Endometrial	0.0672002745714641	0.5112350604538711	0.4963447188872535	0.1301798391672264	0.4426235176901215	6	22	False
KRAS	RAP2C	Ovarian	0.0628620437045482	0.3723817792736494	0.3670872516062515	0.4071874165464832	0.9831295613656932	8	47	False
KRAS	RRAS	Ovarian	-0.0622450827768879	-0.66045873830776	-0.6510683297062279	0.0469801020520327	0.498324665274842	8	47	False
KRAS	RIT1	Ovarian	-0.0596832984125999	-0.4860244744327574	-0.4791141738484054	0.1431166205911077	0.3104051550658437	8	47	False
PIK3R1	SH2D4B	Endometrial	-0.0579229715442146	-0.4586906949914267	-0.4453307718363366	0.1990466649361662	0.7009302163516951	7	21	False
KRAS	RASL12	Ovarian	0.0561105696129698	0.3104934550053849	0.3060788561190524	0.5007300246965706	0.0237990199369363	8	47	False
KRAS	RERG	Endometrial	0.0548780893363835	0.3125121591308613	0.3034098632338459	0.4015915353644635	0.3080283748253804	6	22	False
KRAS	RIT2	Ovarian	-0.0540866770674606	-0.5988225963593337	-0.5903085310082531	0.0230115015834008	0.9512867609152754	8	47	False
KRAS	NRAS	Endometrial	-0.0536264062893024	-0.3727859349414811	-0.3619280921761953	0.3138859660171509	0.8118008128844857	6	22	False
KRAS	NKIRAS2	Ovarian	-0.052650835958082	-0.4479563160306689	-0.4415872688833134	0.2472182488745546	0.9831295613656932	8	47	False
PIK3R1	SLA2	Endometrial	-0.0505455749013714	-0.6427374208478045	-0.6240169134444704	0.1706399631026259	0.1263803442211752	7	21	False
KRAS	RASL11B	Endometrial	0.0503508403554805	0.3367461773430502	0.3269380362553885	0.5049433629118681	0.9653339777714952	6	22	False
PIK3R1	SHB	Endometrial	-0.0487764339131851	-0.2801452538348623	-0.2719856833348178	0.5830080116152467	0.7009302163516951	7	21	False
PIK3R1	SHC4	Endometrial	0.0478289600674346	0.4097157402310454	0.3977822720689761	0.3276136762449855	0.9541256752245454	7	21	False
PIK3R1	SHF	Endometrial	-0.0473620534771085	-0.3015511910747749	-0.2927681466745387	0.542764038961909	0.9541256752245454	7	21	False
PIK3R1	STAP1	Endometrial	-0.0459289639974981	-0.4350991928202358	-0.4224264007963454	0.3016604602946247	0.3185942253507202	7	21	False
KRAS	RASL11A	Endometrial	0.04452998345024	0.3645503924897169	0.353932419892929	0.3900116334288437	0.0274600097110907	6	22	False
KRAS	RAP1A	Ovarian	0.0436240893847703	0.2897526483652628	0.2856329424643349	0.5251968656967626	0.9831295613656932	8	47	False
KRAS	DIRAS1	Endometrial	0.0422288705765193	0.4013340896042887	0.3896447471886298	0.3485355546350573	0.3080283748253804	6	22	False
KRAS	NKIRAS1	Endometrial	-0.0413680317989414	-0.3235692522198142	-0.3141449050677807	0.3765432406696864	0.6531546030225304	6	22	False
PTEN	TNS1	Ovarian	-0.0402957772096072	-0.3768347386363881	-0.3714768987505626	0.3854981668270845	0.6653648260198064	6	49	False
KRAS	RHEB	Ovarian	-0.03947451509617	-0.1628379390714675	-0.1605227077102618	0.6853284274876784	0.9512867609152754	8	47	False
TP53	TP63	Endometrial	0.0391466895450513	0.2087474612820301	0.2026674381378932	0.5792782222840033	0.2620533928706717	21	7	False
PIK3R1	SH2D1A	Endometrial	-0.0378732039904636	-0.4021188462096435	-0.3904066468054791	0.3051977868243567	0.9541256752245454	7	21	False
PIK3CA	PIK3CG	Endometrial	-0.0376356793680017	-0.3952360810891026	-0.3837243505719443	0.3057359449157245	0.4522524644122372	15	13	False
KRAS	RHEBL1	Endometrial	0.0363378683826376	0.2918490168554431	0.2833485600538283	0.5229004429355332	0.6341415356073031	6	22	False
KRAS	RALA	Ovarian	0.0351016367657702	0.3841488667755909	0.378687034546554	0.2696587579244597	0.9126410926046472	8	47	False
PIK3R1	CLNK	Endometrial	-0.034010633512847	-0.2730426315929717	-0.2650899335854095	0.572447876646339	0.3185942253507202	7	21	False
KRAS	DIRAS3	Ovarian	0.031788290090727	0.361805486935341	0.3566613330926584	0.268827899652952	0.9831295613656932	8	47	False
PIK3R1	TNS4	Endometrial	-0.0311404596757177	-0.3735035663380074	-0.3626248216873858	0.332616875642952	0.9541256752245454	7	21	False
PIK3R1	PIK3R2	Endometrial	0.0310512214790214	0.2009628538188733	0.1951095668144401	0.6336260156095694	0.9541256752245454	7	21	False
KRAS	RALB	Ovarian	-0.0309089987216196	-0.4834135714840166	-0.4765403927425377	0.0765105322590942	0.3104051550658437	8	47	False
KRAS	RAP2B	Ovarian	-0.0308906814795677	-0.1533588285209248	-0.1511783712433761	0.7268043322661764	0.9831295613656932	8	47	False
TP53	TP63	Ovarian	-0.0297040142271059	-0.244931809774144	-0.2414493669811467	0.4319143698814845	0.1257634288854291	40	15	False
PIK3CA	PIK3CD	Ovarian	-0.0295247600044414	-0.2663259270819058	-0.2625393025262388	0.3791090035301879	0.6749795493611246	12	43	False
KRAS	HRAS	Ovarian	-0.0293025292372922	-0.2532109471715269	-0.2496107915245383	0.4612094006060129	0.498324665274842	8	47	False
KRAS	RASD2	Endometrial	0.0277237826953433	0.2354526204211149	0.2285947771078786	0.6240428642865156	0.6531546030225304	6	22	False
KRAS	DIRAS3	Endometrial	-0.0276015651112348	-0.1393422778773475	-0.1352837649294636	0.7258687107426087	0.5439365783225705	6	22	False
PTEN	TNS1	Endometrial	0.026316142706401	0.2043055787159423	0.198354930792177	0.600636371357359	0.4061007188219288	17	11	False
KRAS	RHEBL1	Ovarian	-0.0256406848594454	-0.2305294829579207	-0.2272518125841114	0.4603216153370734	0.9831295613656932	8	47	False
KRAS	RASL10A	Ovarian	-0.0206560819849522	-0.1883634857261691	-0.1856853319006786	0.5989169072879994	0.9831295613656932	8	47	False
PIK3R1	SH2D7	Endometrial	-0.0161659748477169	-0.1797697861600752	-0.1745337729709468	0.635436744678428	0.9541256752245454	7	21	False
KRAS	ERAS	Ovarian	-0.0159574793903749	-0.1865463595410873	-0.1838940416329202	0.5357923966820464	0.7907982747182752	8	47	False
KRAS	MRAS	Endometrial	0.0146119110538799	0.1468249657904844	0.1425485104761985	0.7286033282789863	0.6531546030225304	6	22	False
KRAS	RASL11A	Ovarian	-0.0133927392115321	-0.189012275348738	-0.1863248970262441	0.5812820928901035	0.9831295613656932	8	47	False
KRAS	RASL10A	Endometrial	0.012648839942871	0.0803618399377091	0.0780212038230185	0.8616481275277343	0.4426235176901215	6	22	False
FBXW7	FBXW5	Endometrial	0.0124208786644087	0.1523404753375226	0.1479033741140996	0.7415570259250653	0.931247735370951	8	20	False
PIK3R1	BLNK	Endometrial	0.0123522819247671	0.1536134889293881	0.1491393096401826	0.7290202924459407	0.8510492693176752	7	21	False
KRAS	RASL11B	Ovarian	0.0116728937224767	0.1271822194349918	0.1253739414335464	0.6936116905061848	0.9831295613656932	8	47	False
PIK3R1	SHC1	Endometrial	0.011300496786142	0.0449769249763772	0.0436669174527934	0.925033016832921	0.7009302163516951	7	21	False
PIK3CA	PIK3CD	Endometrial	-0.0110009487702485	-0.077438116545184	-0.0751826374225088	0.8374715620688552	0.8182441999104925	15	13	False
PIK3R1	PIK3R3	Endometrial	-0.010742708434357	-0.058997521608974	-0.0572791471931786	0.8758117141995496	0.9541256752245454	7	21	False
KRAS	NKIRAS1	Ovarian	-0.0106407392019488	-0.1197510825827159	-0.1180484605554735	0.728154386754346	0.9831295613656932	8	47	False
KRAS	RAP2A	Endometrial	0.0106013088812415	0.0786810338588124	0.0763893532609829	0.8607932634987171	0.6341415356073031	6	22	False
PIK3R1	SHD	Endometrial	0.0096687167639653	0.0689688962167961	0.0669600934143652	0.8778854956021692	0.9541256752245454	7	21	False
TP53	TP73	Endometrial	-0.0094298171278922	-0.0473380390489603	-0.0459592612125828	0.9141608150876684	0.791633616039675	21	7	False
KRAS	MRAS	Ovarian	-0.0091640506829231	-0.0991342617495522	-0.0977247698763358	0.759397874141798	0.9831295613656932	8	47	False
STK11	SIK3	Cervical	0.008848877843355	0.0725485111810333	0.0685913196620679	0.8983155560587729	0.5409737799092611	6	10	False
KRAS	RASL10B	Ovarian	0.0080838488294139	0.0643164309823692	0.0634019793570274	0.8809048266437575	1.127298162678775e-05	8	47	False
PIK3R1	CRK	Endometrial	0.0080507822553311	0.0306717964483592	0.0297784431537468	0.9501000326407294	0.3646272941325647	7	21	False
KRAS	RAP1A	Endometrial	-0.0078187131106521	-0.0686814925933881	-0.0666810607702797	0.8595388758639844	0.6531546030225304	6	22	False
PIK3CA	PIK3CG	Ovarian	0.007516457753097	0.0588920013142825	0.058054674281378	0.8727518022388318	0.0296915055012997	12	43	False
KRAS	RAP2A	Ovarian	0.0073757976108595	0.0631561972603319	0.0622582418490475	0.8802090777592843	0.9831295613656932	8	47	False
KRAS	RASL12	Endometrial	0.0066292478572583	0.0579138339156049	0.0562270232190339	0.8955422583284467	0.6872962539375117	6	22	False
KRAS	DIRAS1	Ovarian	-0.0057394768615695	-0.0782164800807335	-0.0771043974255572	0.8147635799537396	0.9831295613656932	8	47	False
KRAS	RIT1	Endometrial	-0.0049917069547826	-0.0466407633872062	-0.0452822945506856	0.9050565056008276	0.125266589116456	6	22	False
PIK3R1	SH2D1B	Endometrial	-0.004872714863987	-0.0362672154096342	-0.0352108887472177	0.9147045949268212	0.9541256752245454	7	21	False
KRAS	RALA	Endometrial	0.0045133811413806	0.0334540193070173	0.0324796303951624	0.9264949175946904	0.8770682679216572	6	22	False
KRAS	RERG	Ovarian	-0.0043973152484733	-0.0408160767584911	-0.0402357533922566	0.9003067227880384	0.9831295613656932	8	47	False
KRAS	RRAS	Endometrial	-0.0039033705528594	-0.0377853214428071	-0.0366847780998127	0.9358410159357492	0.3957475959532177	6	22	False
KRAS	RERGL	Ovarian	0.0038852102104396	0.0353892469133929	0.0348860822653352	0.9220041902400492	0.6784698046259167	8	47	False
PTEN	TNS2	Ovarian	-0.0038338930677206	-0.0282639881459222	-0.0278621304945583	0.951922619526341	0.6446675069023333	6	49	False
KRAS	RIT2	Endometrial	-0.0032111906903065	-0.0279770953252107	-0.0271622284710783	0.934225815488552	0.3080283748253804	6	22	False
KRAS	RAP1B	Endometrial	0.0030520230111058	0.0258660173909231	0.0251126382436147	0.942112567331476	0.6341415356073031	6	22	False
PIK3R1	SH2D6	Endometrial	0.0	0.0	0.0	1.0	0.9541256752245454	7	21	False
