driver_gene,paralog_gene,cancer_type,signed_dd,welch_t,hedges_g,n_mut,n_wt,sufficient_dep_n,is_known_paralog_sl
ARID1A,ARID1B,Ovarian,0.38640385708447356,3.940351384749063,1.3920600636224114,14,41,True,True
BRCA1,BRCA2,Ovarian,0.06380883049544117,0.5234095865407096,0.23648484666399183,5,50,True,True
BRCA1,BARD1,Ovarian,-0.19499085555491447,-1.025187349545882,-0.5459659924899679,5,50,True,False
BRCA2,BRCA1,Ovarian,-0.002239962529596906,-0.01311190748834702,-0.0066794847108276436,5,50,True,True
KRAS,RASL10B,Ovarian,0.008083848829413959,0.15441863992850122,0.06340197935702749,8,47,True,False
KRAS,RAP1B,Ovarian,0.12832024380062634,1.9440884318761118,0.6359094784341996,8,47,True,False
KRAS,RRAS2,Ovarian,-0.1998681319662348,-5.8855228282659775,-1.4798354392520745,8,47,True,False
KRAS,DIRAS2,Ovarian,0.08694729558831935,2.5947773719672464,0.8396937369660163,8,47,True,False
KRAS,HRAS,Ovarian,-0.029302529237292207,-0.7603175989461577,-0.24961079152453838,8,47,True,False
KRAS,RASL12,Ovarian,0.056110569612969896,0.7055180432979066,0.30607885611905244,8,47,True,False
KRAS,RRAS,Ovarian,-0.06224508277688791,-2.157677270055352,-0.6510683297062279,8,47,True,False
KRAS,NRAS,Ovarian,-0.07269024085600276,-0.9020839600668321,-0.22072735118341466,8,47,True,False
KRAS,RIT1,Ovarian,-0.05968329841259998,-1.5484119424159328,-0.47911417384840543,8,47,True,False
KRAS,RALA,Ovarian,0.035101636765770244,1.155082148382225,0.37868703454655406,8,47,True,False
KRAS,RASD2,Ovarian,0.08549797540752818,1.7335479392991784,0.7023498718003989,8,47,True,False
KRAS,RAP1A,Ovarian,0.043624089384770304,0.6643021283707777,0.2856329424643349,8,47,True,False
KRAS,RALB,Ovarian,-0.030908998721619604,-1.8411642367166736,-0.4765403927425377,8,47,True,False
KRAS,RAP2C,Ovarian,0.06286204370454826,0.873554285382627,0.36708725160625155,8,47,True,False
KRAS,RIT2,Ovarian,-0.054086677067460676,-2.3834247501164896,-0.5903085310082531,8,47,True,False
KRAS,NKIRAS2,Ovarian,-0.05265083595808204,-1.2266129196156845,-0.44158726888331346,8,47,True,False
KRAS,RHEB,Ovarian,-0.03947451509617006,-0.418176778246583,-0.1605227077102618,8,47,True,False
KRAS,RASL10A,Ovarian,-0.020656081984952224,-0.5411193113117916,-0.18568533190067862,8,47,True,False
KRAS,RHEBL1,Ovarian,-0.02564068485944545,-0.7568172776357202,-0.22725181258411145,8,47,True,False
KRAS,DIRAS3,Ovarian,0.03178829009072706,1.1501980048101141,0.35666133309265846,8,47,True,False
KRAS,RAP2B,Ovarian,-0.030890681479567778,-0.3614958580275167,-0.15117837124337616,8,47,True,False
KRAS,ERAS,Ovarian,-0.015957479390374965,-0.6317273820862894,-0.18389404163292022,8,47,True,False
KRAS,RERGL,Ovarian,0.0038852102104396935,0.10018250073152278,0.03488608226533527,8,47,True,False
KRAS,RASL11A,Ovarian,-0.013392739211532168,-0.5663207296269286,-0.18632489702624416,8,47,True,False
KRAS,RASL11B,Ovarian,0.011672893722476714,0.40209769801242207,0.12537394143354647,8,47,True,False
KRAS,NKIRAS1,Ovarian,-0.010640739201948815,-0.35570900833638786,-0.11804846055547351,8,47,True,False
KRAS,MRAS,Ovarian,-0.009164050682923178,-0.31230786374795966,-0.09772476987633587,8,47,True,False
KRAS,RAP2A,Ovarian,0.007375797610859575,0.1551882744372317,0.06225824184904759,8,47,True,False
KRAS,DIRAS1,Ovarian,-0.005739476861569524,-0.23909005691705273,-0.07710439742555726,8,47,True,False
KRAS,RERG,Ovarian,-0.004397315248473331,-0.1276065572988285,-0.04023575339225668,8,47,True,False
PIK3CA,PIK3CB,Ovarian,-0.1129602117024865,-1.6484665416590567,-0.5913835584209584,12,43,True,True
PIK3CA,PIK3CG,Ovarian,0.007516457753097016,0.16317257695792514,0.05805467428137807,12,43,True,False
PIK3CA,PIK3CD,Ovarian,-0.02952476000444143,-0.8962142826289253,-0.26253930252623886,12,43,True,False
PTEN,TNS1,Ovarian,-0.04029577720960721,-0.9275268047085526,-0.37147689875056267,6,49,True,False
PTEN,TNS2,Ovarian,-0.0038338930677206395,-0.06284045256829887,-0.027862130494558397,6,49,True,False
TP53,TP73,Ovarian,-0.08111023637384261,-1.7348209451908871,-0.5324810289400468,40,15,True,False
TP53,TP63,Ovarian,-0.02970401422710598,-0.7993478861913164,-0.24144936698114677,40,15,True,False
ARID1A,ARID1B,Endometrial,0.29767637947725195,4.146204839097143,1.285484582920431,21,7,True,True
FBXW7,FBXW2,Endometrial,0.018108516712716516,0.354766918933924,0.16080749102252367,8,20,True,True
FBXW7,FBXW4,Endometrial,0.08167823401765074,1.3012440816137991,0.48911000952894973,8,20,True,False
FBXW7,FBXW5,Endometrial,0.01242087866440874,0.33928883658372333,0.14790337411409962,8,20,True,False
KMT2D,KMT2C,Endometrial,0.10297463595261083,1.1752480463540242,0.4312640859177889,14,14,True,False
KRAS,RHEB,Endometrial,-0.15944237279714574,-1.4389675032400178,-0.5809901698723305,6,22,True,False
KRAS,RASL10B,Endometrial,0.11341204266004018,2.9190626823337116,1.1289045809952523,6,22,True,False
KRAS,RRAS2,Endometrial,-0.11894191429347756,-2.818607105059315,-0.903065140448573,6,22,True,False
KRAS,ERAS,Endometrial,0.145904148382284,3.275101039336827,1.2429671901500512,6,22,True,False
KRAS,RASL11A,Endometrial,0.04452998345024002,0.8925023854104578,0.353932419892929,6,22,True,False
KRAS,RRAS,Endometrial,-0.0039033705528594698,-0.08299508605072069,-0.03668477809981272,6,22,True,False
KRAS,RAP2B,Endometrial,0.09925293993453561,2.1546589128436215,0.7801851505111651,6,22,True,False
KRAS,HRAS,Endometrial,-0.08718410119207806,-1.2144916093112261,-0.5423962978311052,6,22,True,False
KRAS,NKIRAS2,Endometrial,0.08526122819423737,1.4565647527941428,0.6673922762064936,6,22,True,False
KRAS,RALB,Endometrial,-0.07922012094383196,-2.1416503906443025,-0.7535057365183077,6,22,True,False
KRAS,DIRAS2,Endometrial,-0.09496609283423627,-1.798163040953652,-0.7280482577086129,6,22,True,False
KRAS,RERGL,Endometrial,-0.08371543088790674,-2.407108006432484,-0.948329238194916,6,22,True,False
KRAS,RAP2C,Endometrial,0.06720027457146413,1.5629149181363264,0.4963447188872535,6,22,True,False
KRAS,RERG,Endometrial,0.05487808933638359,0.8580424894102404,0.3034098632338459,6,22,True,False
KRAS,RHEBL1,Endometrial,0.03633786838263767,0.6642909294633931,0.2833485600538283,6,22,True,False
KRAS,DIRAS1,Endometrial,0.04222887057651937,0.9771959688231318,0.3896447471886298,6,22,True,False
KRAS,RIT1,Endometrial,-0.004991706954782682,-0.12130697662961298,-0.04528229455068569,6,22,True,False
KRAS,NRAS,Endometrial,-0.05362640628930246,-1.0334613133952009,-0.3619280921761953,6,22,True,False
KRAS,NKIRAS1,Endometrial,-0.041368031798941406,-0.9040271692871911,-0.31414490506778076,6,22,True,False
KRAS,RASL11B,Endometrial,0.050350840355480514,0.7018755490044941,0.32693803625538853,6,22,True,False
KRAS,DIRAS3,Endometrial,-0.027601565111234877,-0.3576446423957503,-0.1352837649294636,6,22,True,False
KRAS,RASD2,Endometrial,0.02772378269534337,0.5099159490127809,0.2285947771078786,6,22,True,False
KRAS,RIT2,Endometrial,-0.003211190690306523,-0.08335967181825868,-0.02716222847107838,6,22,True,False
KRAS,RASL10A,Endometrial,0.012648839942871026,0.1795477839271425,0.07802120382301858,6,22,True,False
KRAS,MRAS,Endometrial,0.014611911053879972,0.355707560139014,0.1425485104761985,6,22,True,False
KRAS,RAP2A,Endometrial,0.0106013088812415,0.18026965472496423,0.07638935326098299,6,22,True,False
KRAS,RAP1A,Endometrial,-0.007818713110652131,-0.1799327534415256,-0.06668106077027977,6,22,True,False
KRAS,RASL12,Endometrial,0.006629247857258304,0.13473770355821565,0.056227023219033945,6,22,True,False
KRAS,RAP1B,Endometrial,0.0030520230111058533,0.07345907275495743,0.025112638243614732,6,22,True,False
KRAS,RALA,Endometrial,0.004513381141380612,0.09340685438802868,0.03247963039516247,6,22,True,False
PIK3CA,PIK3CB,Endometrial,-0.11905831918078444,-1.7705138175449828,-0.6504064583036054,15,13,True,True
PIK3CA,PIK3CG,Endometrial,-0.03763567936800176,-1.044986789123537,-0.3837243505719443,15,13,True,False
PIK3CA,PIK3CD,Endometrial,-0.01100094877024857,-0.20733731135023695,-0.0751826374225088,15,13,True,False
PIK3R1,CRKL,Endometrial,0.24495809046351302,0.6498300142707533,0.3084435511622764,7,21,True,False
PIK3R1,SUPT6H,Endometrial,-0.08630182287551591,-0.4823915815317305,-0.218773113923793,7,21,True,False
PIK3R1,CRK,Endometrial,0.00805078225533118,0.06458756453030107,0.02977844315374685,7,21,True,False
PIK3R1,SHE,Endometrial,-0.0969403633799942,-1.9290205230380553,-0.7014229604572932,7,21,True,False
PIK3R1,SHC1,Endometrial,0.011300496786142089,0.09693192028342205,0.043666917452793476,7,21,True,False
PIK3R1,SLA2,Endometrial,-0.05054557490137143,-1.4727473918734388,-0.6240169134444704,7,21,True,False
PIK3R1,SH2D2A,Endometrial,0.10587133536638411,1.2615939997375174,0.5704485789707501,7,21,True,False
PIK3R1,STAP1,Endometrial,-0.045928963997498115,-1.0733974073689938,-0.4224264007963454,7,21,True,False
PIK3R1,SHC2,Endometrial,-0.07620995937973926,-1.4739125784310356,-0.6459903205238311,7,21,True,False
PIK3R1,SHC3,Endometrial,-0.07537785682519041,-1.2592611834320078,-0.4371151322095208,7,21,True,False
PIK3R1,PIK3R2,Endometrial,0.031051221479021465,0.4882077434758137,0.19510956681444014,7,21,True,False
PIK3R1,SH2D4B,Endometrial,-0.057922971544214635,-1.3193374172082883,-0.4453307718363366,7,21,True,False
PIK3R1,CLNK,Endometrial,-0.03401063351284709,-0.587225410606128,-0.2650899335854095,7,21,True,False
PIK3R1,SHB,Endometrial,-0.04877643391318518,-0.5740467234839219,-0.2719856833348178,7,21,True,False
PIK3R1,SHF,Endometrial,-0.04736205347710854,-0.6357732890339145,-0.29276814667453877,7,21,True,False
PIK3R1,SHC4,Endometrial,0.04782896006743468,1.0146423683359946,0.39778227206897615,7,21,True,False
PIK3R1,SH2D1A,Endometrial,-0.037873203990463664,-1.0556692179386564,-0.39040664680547915,7,21,True,False
PIK3R1,TNS4,Endometrial,-0.031140459675717755,-0.9942693296683732,-0.36262482168738586,7,21,True,False
PIK3R1,SHD,Endometrial,0.009668716763965385,0.1575461856512161,0.06696009341436522,7,21,True,False
PIK3R1,SH2D7,Endometrial,-0.01616597484771693,-0.48162900358221117,-0.17453377297094688,7,21,True,False
PIK3R1,BLNK,Endometrial,0.012352281924767151,0.35563631222439807,0.14913930964018268,7,21,True,False
PIK3R1,PIK3R3,Endometrial,-0.010742708434357023,-0.15833449165391195,-0.057279147193178656,7,21,True,False
PIK3R1,SH2D1B,Endometrial,-0.004872714863987036,-0.10815307874888196,-0.03521088874721772,7,21,True,False
PIK3R1,SH2D6,Endometrial,0.0,,0.0,7,21,False,False
PTEN,TNS2,Endometrial,-0.09027321319508283,-1.682386741460305,-0.625361967200789,17,11,True,False
PTEN,TNS1,Endometrial,0.026316142706401063,0.5310311815953461,0.19835493079217706,17,11,True,False
TP53,TP63,Endometrial,0.03914668954505135,0.5635684989151063,0.20266743813789329,21,7,True,False
TP53,TP73,Endometrial,-0.00942981712789228,-0.11030577274424679,-0.045959261212582855,21,7,True,False
STK11,SIK1,Cervical,0.0362769749574782,0.6663143997632783,0.2873762468599369,6,10,True,True
STK11,SIK2,Cervical,-0.11069384484034565,-1.4960807829593195,-0.8005635046654561,6,10,True,False
STK11,SIK3,Cervical,0.008848877843355057,0.13246909475862503,0.06859131966206791,6,10,True,False
