pair,gene_a,gene_b,hit_any_line,signed_dd_maxabs,welch_t_maxabs,hedges_g_maxabs
ABCC3|ATP5PB,ABCC3,ATP5PB,0,0.17377241533474524,2.0959599939046583,0.8691424531603226
ABL1|ABL2,ABL1,ABL2,0,-0.15713620788991173,-1.6358680208613592,-1.1135961604709697
ABT1|LGALS9,ABT1,LGALS9,0,0.008805873387330299,0.06621378761542836,0.039151871409737825
ABTB2|BTBD11,ABTB2,BTBD11,0,,,
ACACA|ACACB,ACACA,ACACB,0,-0.1690824684720646,2.888942068920641,1.0195594852304093
ACTL6A|ACTL6B,ACTL6A,ACTL6B,0,0.1832981337489552,-0.8746899028609898,0.4256763203426545
ADAM19|NHLRC1,ADAM19,NHLRC1,0,0.1350415277315387,2.161855935243716,-0.9705117703507848
ADAP1|ADAP2,ADAP1,ADAP2,0,-0.015046383964796989,-0.20378447637954455,-0.08988573407367831
ADARB1|ADARB2,ADARB1,ADARB2,0,-0.1938841925766034,3.8010957643860626,-1.3946908825727709
ADM|RAMP2,ADM,RAMP2,0,,,
ADSS|ADSSL1,ADSS,ADSSL1,1,,,
AFG3L2|LONP1,AFG3L2,LONP1,0,0.4968867936834932,-2.2836298396867227,0.7534234511963038
AHCYL1|AHCYL2,AHCYL1,AHCYL2,1,-0.1445825188398182,-1.461718601136819,-0.8336777942629963
AKIRIN1|AKIRIN2,AKIRIN1,AKIRIN2,1,,,
ALAS1|ALAS2,ALAS1,ALAS2,0,-0.18440032603860237,-2.9197263194825984,-1.5797763565715213
ALAS1|SPTLC2,ALAS1,SPTLC2,0,0.16365736326878508,1.6518380928627834,0.6912552676404227
ALDOA|RSPH1,ALDOA,RSPH1,0,0.343651724731022,-2.423336732723564,-0.9058791604283204
ALDOC|PKM,ALDOC,PKM,1,0.20328752988226884,0.9639294721816427,0.5297344097969802
ALG14|TSTD1,ALG14,TSTD1,0,,,
ANAPC4|PTTG1,ANAPC4,PTTG1,1,,,
ANXA1|PCGF1,ANXA1,PCGF1,0,,,
AOX1|XDH,AOX1,XDH,0,-0.08289304972630443,-2.5180142798984853,-0.8504851591775457
AP1G1|AP1G2,AP1G1,AP1G2,0,0.11015205816113663,1.4149940394501153,0.7345233285682893
AP2A1|AP2A2,AP2A1,AP2A2,1,-0.0947511091937269,-2.3287772294688778,-0.619862523902241
AP3M1|AP5M1,AP3M1,AP5M1,0,0.15982783990809338,6.1668578693936835,1.806727154486708
APH1A|APH1B,APH1A,APH1B,0,0.006900661778939332,0.06403946637161852,0.03622145951614743
APOBEC3C|PDCD6IP,APOBEC3C,PDCD6IP,0,0.05270478684870629,1.2335746452448428,0.6616605451133196
ARFGEF1|ARFGEF2,ARFGEF1,ARFGEF2,1,-0.4590446916267951,2.492833442589307,1.1732167888566067
ARFIP1|ARFIP2,ARFIP1,ARFIP2,0,-0.02599237788693179,-0.2481432576734901,-0.16587067034029962
ARHGEF3|NET1,ARHGEF3,NET1,0,-0.12152279725315697,-1.938412609861469,-0.8699631591067594
ARHGEF6|ARHGEF7,ARHGEF6,ARHGEF7,0,0.05168246767463208,1.2153074562531967,0.5544103094877241
ARID1A|ARID1B,ARID1A,ARID1B,1,-0.7588957673251515,-4.146204839097141,-1.471091288613149
ARID4A|DZIP3,ARID4A,DZIP3,0,-0.2285928648204164,-2.6176813279518574,-1.5056197800752782
ARPC5|ARPC5L,ARPC5,ARPC5L,1,,,
ARSJ|PCGF1,ARSJ,PCGF1,0,0.21451069313346324,3.0335047048258783,1.3423974563631802
ASCL1|SP110,ASCL1,SP110,0,-0.09302613666888034,-1.8572316410729233,-0.687402969515283
ASCL1|TAP1,ASCL1,TAP1,0,0.10956153990868589,-2.759932413339523,0.8003096704165733
ASF1A|ASF1B,ASF1A,ASF1B,1,,,
ASF1B|HASPIN,ASF1B,HASPIN,0,-0.12558012883770764,-0.8841411578210489,-0.6012957489568893
ATAD2|ATAD2B,ATAD2,ATAD2B,0,0.10429636173034128,2.0389579900010344,0.8252297964727701
ATM|MDM4,ATM,MDM4,0,0.1723823523928808,2.392257077755806,0.6523925587604726
ATP5F1A|GBP3,ATP5F1A,GBP3,0,-0.06961157619354684,-0.6297540739608193,-0.36983658352694426
ATP5F1A|S100A6,ATP5F1A,S100A6,0,0.07801571720377443,2.047019803009721,0.8158615164714578
ATP5F1B|EPHA2,ATP5F1B,EPHA2,0,-0.2835661655077225,-2.8190543746523664,-0.984923226978421
ATP5F1B|LIF,ATP5F1B,LIF,0,-0.06511624902527044,-3.552030740188716,-0.8188809468063498
ATP5F1B|SAMD9,ATP5F1B,SAMD9,1,0.27968245389261803,-2.0881307690020128,0.8716256613077136
ATP5F1D|HRH1,ATP5F1D,HRH1,0,-0.33454317151874613,-1.9239099110674827,-0.9593265173465265
ATP5PB|S100A6,ATP5PB,S100A6,0,,,
ATP6V1B1|ATP6V1B2,ATP6V1B1,ATP6V1B2,0,0.24376174703688025,1.4025794923386117,0.4644024067976738
ATP6V1C1|ATP6V1C2,ATP6V1C1,ATP6V1C2,0,0.11562042769804048,1.878462704236314,0.780593835532357
ATP6V1C2|ATP6V1D,ATP6V1C2,ATP6V1D,0,0.12991640335805366,1.244815148560475,0.5865633656956651
ATP6V1E1|ATP6V1E2,ATP6V1E1,ATP6V1E2,1,,,
ATP7A|ATP7B,ATP7A,ATP7B,0,0.10116970950580975,2.4661421897615927,1.1030227306668712
ATP8B3|MYBL2,ATP8B3,MYBL2,0,0.43471204028454297,4.462100993428566,1.6470267844991267
AXL|PCGF1,AXL,PCGF1,0,-0.09892793278220796,1.1530644774690504,0.5112994973550602
BATF3|STX4,BATF3,STX4,0,-0.7530326782818113,-2.7737903268979607,-1.7193763793978785
BCAP31|NXT1,BCAP31,NXT1,0,-1.2898855664941147,-2.6878455535132635,-1.7080634338171283
BECN1|BECN2,BECN1,BECN2,0,-0.020473350083013986,-0.35759539223983733,-0.12274245032261509
BICD1|BICD2,BICD1,BICD2,0,0.08873247683437663,1.1751308617965042,0.7072609633910064
BRD8|TRRAP,BRD8,TRRAP,0,0.3045046746487279,2.084004278885278,1.2549398243297076
BRSK1|BRSK2,BRSK1,BRSK2,0,0.08463175641301365,1.9993779615055867,0.7808222937934267
BUB1B|BUB3,BUB1B,BUB3,0,0.6850192269067106,-2.4878911546349873,0.9010114185253407
BUB1B|SKA1,BUB1B,SKA1,0,-0.21993244369991538,2.3809983322460173,0.847720951363455
BZW1|BZW2,BZW1,BZW2,1,-0.07441359334101902,-0.9702643758225103,-0.5410896166024753
CAB39|CAB39L,CAB39,CAB39L,1,-0.08990420492319835,-1.6511211818552798,-0.8567814874108257
CADPS|CADPS2,CADPS,CADPS2,0,-0.2165942642538891,3.100839438953677,-1.1649627654690105
CAND1|CAND2,CAND1,CAND2,0,-0.15784884031150648,-2.5570240658086347,-0.8497167118809544
CAP1|CAP2,CAP1,CAP2,0,0.14087976937078084,1.5612987306925272,0.510451755017728
CAPN2|LDB1,CAPN2,LDB1,0,-0.32985489473398794,-3.8632486301844793,-2.0373965645513152
CASP4|PCGF1,CASP4,PCGF1,0,0.04891552076753639,0.36283453248769093,0.2177445424974198
CAT|SOD1,CAT,SOD1,1,,,
CAV1|PCGF1,CAV1,PCGF1,0,,,
CAVIN1|PCGF1,CAVIN1,PCGF1,0,,,
CBLL1|CBLL2,CBLL1,CBLL2,0,0.06186040738106873,1.1824322602684636,0.45286550155318556
CCND1|CCND3,CCND1,CCND3,0,0.3208258057010006,2.157373226905414,0.6031882360951731
CCND1|CCNE1,CCND1,CCNE1,0,0.550380775370678,4.395203320181079,1.2606019717542376
CCNE1|CCNE2,CCNE1,CCNE2,1,-0.45912673780125607,-2.534256168847221,-1.6271567907989213
CCNL1|CCNL2,CCNL1,CCNL2,1,0.5378741973103592,3.3314434765203127,1.1665282649307642
CCNT1|CCNT2,CCNT1,CCNT2,1,-0.14715557980806845,-2.558616768002282,-0.9337280842039539
CCT6A|CCT6B,CCT6A,CCT6B,0,0.24126676796730084,4.4487593331469,1.4283895816231287
CD163L1|SLCO2B1,CD163L1,SLCO2B1,0,-0.1354670656464097,2.1799511727945444,0.8728272930000487
CD44|MRPL55,CD44,MRPL55,0,,,
CD72|FCRL3,CD72,FCRL3,0,0.06752082899754655,2.8269116744190175,0.684132417571547
CDC34|RNF10,CDC34,RNF10,0,-0.05689121165686474,-1.092424542836822,-0.40557322656080114
CDIPT|IRF6,CDIPT,IRF6,0,-0.4061512043522316,-1.7047606340360877,-0.8569320446492966
CDIPT|PCDH1,CDIPT,PCDH1,0,-0.43980477766315607,6.30425317206706,1.1828994028859825
CDIPT|TSTD1,CDIPT,TSTD1,0,,,
CDK16|CDK17,CDK16,CDK17,0,-0.13179981073400748,-1.0818210446331191,-0.7550539496939324
CDK19|THRAP3,CDK19,THRAP3,0,0.07238815184372414,3.8504852990946175,1.040290477223786
CDK2|CDK7,CDK2,CDK7,0,0.2812514613426418,3.033903123364992,0.9162216590719069
CDK5R1|CDK5R2,CDK5R1,CDK5R2,0,-0.11127710091143775,-1.756977167178288,-0.792190373014182
CDK19|CDK8,CDK8,CDK19,1,-0.07387675586902225,0.9476241289517238,-0.3948619192817687
CDNF|MANF,CDNF,MANF,0,,,
CDS1|CDS2,CDS1,CDS2,1,0.15980436995617026,1.3684066101130345,0.6992588261213021
CEACAM1|WDR12,CEACAM1,WDR12,0,-0.07427870466543873,-0.5118531741231711,-0.26463467389613765
CFL1|PFN1,CFL1,PFN1,0,,,
CHM|CHML,CHM,CHML,1,-0.11432339711016468,-0.39351144877632127,-0.3065405722413541
CHMP1A|CHMP1B,CHMP1A,CHMP1B,1,0.1504157644720351,0.9828720937700592,0.68810821519559
CHORDC1|ITGB1BP2,CHORDC1,ITGB1BP2,1,-0.28451759653170017,-2.0262695819706167,-0.8139639328427333
CHSY1|CHSY3,CHSY1,CHSY3,0,-0.2629912437839732,-8.448536417851583,-2.9509209874633395
CHUK|IKBKB,CHUK,IKBKB,1,-0.11394407246240193,-1.2541667799073606,-0.777955036704694
CHUK|TANK,CHUK,TANK,0,-0.05619203153907834,-1.220186190064502,-0.3852711189123435
CKAP5|KIF11,CKAP5,KIF11,0,-0.31706439870158976,-2.942613632910217,-0.8200006748176039
CKAP5|TACC3,CKAP5,TACC3,0,-0.49500402680103683,-2.6317122111153988,-1.17328418420754
CLASP1|CLASP2,CLASP1,CLASP2,1,,,
CLDN4|TIMM10,CLDN4,TIMM10,0,0.2918405260982957,0.6251607840881857,0.4142777889017147
CLIP4|SPDEF,CLIP4,SPDEF,0,0.02688403976215592,0.7775081009887553,0.2797552290686486
CLNS1A|SNRPD3,CLNS1A,SNRPD3,0,,,
CLTB|CLTC,CLTB,CLTC,0,-0.10459701927144699,3.316181180136805,0.8059919701830593
CLTC|CLTCL1,CLTC,CLTCL1,0,0.5043810082323641,2.0035028959137104,1.0455811164251505
CNOT6|CNOT6L,CNOT6,CNOT6L,0,-0.1436539200396365,-1.340632832282294,-0.6440627511214749
CNOT7|CNOT8,CNOT7,CNOT8,1,,,
COPG1|COPG2,COPG1,COPG2,1,-0.2764447555177403,-0.9513982053720426,-0.4137934951526163
COPS7A|COPS7B,COPS7A,COPS7B,1,0.1319481303927802,4.3334148944788655,1.4245669413874862
COPZ1|COPZ2,COPZ1,COPZ2,0,,,
COQ10A|COQ10B,COQ10A,COQ10B,1,,,
COX4I1|COX4I2,COX4I1,COX4I2,0,-0.13031968187178397,-1.2684765280017576,-0.7272643002353183
COX6B1|COX6B2,COX6B1,COX6B2,0,,,
COX6B1|CTSZ,COX6B1,CTSZ,0,-0.02805573317364407,-0.2319102163148979,-0.1221213235648521
CPS1|ZNF407,CPS1,ZNF407,0,0.16152874967369857,2.8264166846131955,0.7628647816668397
CREBBP|EP300,CREBBP,EP300,1,-0.9717775817213439,-4.020913428993295,-1.9771174223831027
CRK|CRKL,CRK,CRKL,1,,,
CRY1|CRY2,CRY1,CRY2,0,0.18174173485787554,1.23101354687201,0.72801415462502
CSTF2|CSTF2T,CSTF2,CSTF2T,1,-0.16738187358102108,-3.0088721685836735,-1.2017225992482705
CTPS1|CTPS2,CTPS1,CTPS2,1,-0.2684505008921838,-0.7071538708559563,-0.43984899484160117
CTR9|PAF1,CTR9,PAF1,1,0.2738516608821374,2.4985433583351573,1.003137724577144
CWF19L1|RBM22,CWF19L1,RBM22,0,-0.3882028249868983,-1.3663473620129425,-0.9221138403496192
CYFIP1|CYFIP2,CYFIP1,CYFIP2,0,0.11931974290416239,1.8623589756034362,0.7150476486285917
CYP26C1|NSDHL,CYP26C1,NSDHL,0,-0.22928994756473378,-4.860797024267455,-1.9812889615519758
CYP2A6|CYP2C8,CYP2A6,CYP2C8,0,0.020529946504836638,0.2856006249471882,0.1287386542600042
DBT|OGDHL,DBT,OGDHL,0,0.13480525965312365,2.6048361268302394,1.2669484737393206
DDI1|DDI2,DDI1,DDI2,0,-0.0534307105924921,-0.7069585761524027,-0.4248062395761657
DDX39A|DDX39B,DDX39A,DDX39B,1,-0.549129524634601,-1.266882326659784,-0.7152641563899917
DDX17|DDX5,DDX5,DDX17,1,0.14047371007718235,1.0823706856202835,0.5739035838566318
DEGS1|DEGS2,DEGS1,DEGS2,0,0.0773048090819203,1.3789283264063903,0.7339416391455321
DENND5A|DENND5B,DENND5A,DENND5B,0,0.12328435141195929,1.80540431507295,0.7362077568939129
DGAT1|MOGAT2,DGAT1,MOGAT2,0,-0.019176829026267647,0.7320496386723789,0.21754948933904425
DGAT1|SOAT1,DGAT1,SOAT1,0,0.14121540657542347,3.5337670907910796,1.5249123680363448
DGKI|DGKZ,DGKI,DGKZ,0,-0.16210530718412072,2.2583151125562515,-0.8191300116907878
DHX29|DHX9,DHX9,DHX29,1,-0.5933767937318086,3.1624518852198666,0.8560070697943994
DLL1|DLL4,DLL1,DLL4,0,0.04453834936953246,-0.7823745526107487,0.3649629576909269
DMD|UTRN,DMD,UTRN,0,-0.13062932432258495,2.9887894795767274,0.9636985781529135
DMXL1|DMXL2,DMXL1,DMXL2,1,-0.203668988597475,-2.6087089407258417,-0.7682276275578888
DNAJC15|DNAJC19,DNAJC15,DNAJC19,1,,,
DST|MACF1,DST,MACF1,0,-0.2502146370825563,-2.3910176762518667,1.1177904378200008
DUOX1|DUOX2,DUOX1,DUOX2,0,0.09079538248577268,1.9094859445066352,0.7738768080143659
DUSP10|MRPL27,DUSP10,MRPL27,1,0.015207580938500831,0.1550771292245199,0.0662778381205845
DUSP10|MTG2,DUSP10,MTG2,0,0.18160305375333763,0.9354693233968467,0.5001537951745546
DUSP10|TAMM41,DUSP10,TAMM41,0,0.3697074655728824,3.055800882076161,1.0340940041086364
DUSP10|TIMM10,DUSP10,TIMM10,0,0.6091151187505838,2.987416241791903,1.29462776788118
DUSP10|TUFM,DUSP10,TUFM,0,0.14370768017660826,2.6312264947523545,0.7970242399008917
DYNC1LI1|DYNC1LI2,DYNC1LI1,DYNC1LI2,1,0.04867450021513035,-0.982646693595569,0.40117455229901205
DYNLRB1|DYNLRB2,DYNLRB1,DYNLRB2,0,,,
DYNLT1|DYNLT3,DYNLT1,DYNLT3,0,,,
DZIP1L|STX4,DZIP1L,STX4,0,-0.38047803224150484,-1.6610496588084853,-0.7425618687368533
E2F3|E2F4,E2F3,E2F4,1,0.10653825807633216,0.9882684172353414,0.3520175012815124
E2F3|RB1,E2F3,RB1,0,-0.7965065319419418,-5.062696321802404,-2.2499980335500016
EAF1|EAF2,EAF1,EAF2,1,0.015089247362415181,0.09998297437924032,0.05551550092308503
EEFSEC|IFIH1,EEFSEC,IFIH1,0,0.2993579083081477,-4.9660571141688665,-1.132354617212855
EEFSEC|SP110,EEFSEC,SP110,0,-0.1813951532971843,-5.633262486231793,-1.0873638058925519
EFNB1|EPHA3,EFNB1,EPHA3,0,-0.09071975277341225,2.0960513191806247,0.7719318762452091
EFR3A|EFR3B,EFR3A,EFR3B,1,-0.2858615608993449,-2.268271866660497,-1.2799265788077423
EIF3J|EIF3L,EIF3J,EIF3L,1,-0.14896612196447778,0.7309761269299754,-0.5039121977970175
ELL|ELL2,ELL,ELL2,1,0.19822562441027802,1.2488861631721433,0.7384137374324448
ENOX1|ENOX2,ENOX1,ENOX2,0,-0.15830081172283442,-2.2373788525187113,-1.4811057767582232
EPC1|EPC2,EPC1,EPC2,1,-0.26973558634939016,-1.197624721498364,-0.7755961630823965
EPHA2|PCGF1,EPHA2,PCGF1,0,0.1199655331055595,1.683497776273378,0.6154158317714998
EPS15|EPS15L1,EPS15,EPS15L1,0,-0.08415711013232363,-1.3012029766564244,-0.6211225201616319
ERC1|ERC2,ERC1,ERC2,0,0.09158699114984388,-3.264885911082577,-0.827759095900276
ERN1|ERN2,ERN1,ERN2,0,-0.1648682248594545,2.051761877434247,-0.8106632087574256
ERO1A|ERO1B,ERO1A,ERO1B,0,0.04259058671675982,0.7520845113131598,0.32811359534279194
ESRP1|ESRP2,ESRP1,ESRP2,0,-0.22125327226684977,-2.4649818354606974,-1.1654491653375234
EXOC6|EXOC6B,EXOC6,EXOC6B,1,-0.13532785920192034,-1.8278124466073415,-1.1685277617440832
EZH1|EZH2,EZH1,EZH2,0,0.23181326605309882,2.9245392249722673,1.3258404349962751
FAM126A|FAM126B,FAM126A,FAM126B,0,,,
FAM50A|FAM50B,FAM50A,FAM50B,1,0.43541182406255735,2.0594084625313336,0.8451011078615985
FANCF|FANCM,FANCF,FANCM,0,-0.18791613895884657,-3.5574433176683575,-0.9643728092344273
FARS2|GSDMD,FARS2,GSDMD,0,-0.3976141504746694,-2.7185429580309424,-1.2782095892280818
FBLN1|PLXDC1,FBLN1,PLXDC1,0,-0.15655226322455082,1.3811233478099958,-0.7053415940375857
FDPS|MT2A,FDPS,MT2A,0,,,
FDPS|TAP1,FDPS,TAP1,0,0.3380685667937515,2.4076708276691847,0.9761741926922662
FEZ1|FEZ2,FEZ1,FEZ2,0,-0.11936234679226503,-1.8252698091527209,-0.755487000953028
FKBP4|FKBP5,FKBP4,FKBP5,1,0.0469925897453945,0.8320018199749731,0.39091184000982365
FKBP10|FKBP9,FKBP9,FKBP10,0,0.06842298896374244,1.648911212483471,0.7063628308979325
FLNB|FLNC,FLNB,FLNC,0,0.09838818744230525,2.885551251710496,1.125039155476923
FLOT1|FLOT2,FLOT1,FLOT2,0,-0.044651410220976906,1.0393155275649286,-0.3358999218257801
FNIP1|FNIP2,FNIP1,FNIP2,0,0.3062877358171256,1.996241941162574,1.4099952704919712
FOSL1|PCGF1,FOSL1,PCGF1,0,0.050037689056877284,0.4667458217450101,0.2482891340278209
FOXA1|GSTP1,FOXA1,GSTP1,0,,,
FOXA1|MAP4K4,FOXA1,MAP4K4,0,0.20847850347848032,-2.5718895903688415,1.0209626406861814
FOXK1|FOXK2,FOXK1,FOXK2,1,-0.25287334155771557,3.2072807550475666,1.0615832416933568
FRS2|FRS3,FRS2,FRS3,0,0.10634165820114559,2.856060551502657,0.7698788536630867
FRY|FRYL,FRY,FRYL,0,-0.12930794029733075,2.385385684145491,0.9162306319781984
FSD1|FSD1L,FSD1,FSD1L,0,0.04468870170536782,2.3578093218802305,0.5010583436124901
G3BP1|G3BP2,G3BP1,G3BP2,1,0.1419719445892146,-1.0203019439004855,-0.6697200062806768
GABPB1|GABPB2,GABPB1,GABPB2,0,-0.09845217960485564,-2.591005005556008,-0.8972867203789634
GALNT2|GALNT5,GALNT2,GALNT5,0,-0.14680523493505054,-1.8529187483322214,-0.8495404872455885
GAPDH|RSPH1,GAPDH,RSPH1,0,0.3370223244337096,2.0529283659467876,0.973849731848766
GATAD2A|NCOR2,GATAD2A,NCOR2,0,-0.17657090687841137,-2.4868797108295833,-0.9179170048580765
GBX1|GBX2,GBX1,GBX2,0,-0.0992959485234099,1.9094033991668997,-0.5872686578188605
GDF15|TP53,GDF15,TP53,0,-0.08447458854792778,-3.159434977127759,-0.9836982801235715
GDI1|GDI2,GDI1,GDI2,1,0.05782742185838863,0.6918931346428887,0.3962564636476872
GDI2|RHOBTB2,GDI2,RHOBTB2,0,-0.037548609676932757,-0.34302776582583927,-0.19285216056045712
GFM1|TGFBR2,GFM1,TGFBR2,0,-0.3719929678336681,-2.8273347609412873,-1.1131869730650958
GIT1|GIT2,GIT1,GIT2,1,-0.1260607386173034,-2.2402792443876467,-1.0380729081357547
GLIS3|PCGF1,GLIS3,PCGF1,0,-0.23858359183242434,3.0025921366378814,1.1286986899672669
GMPR|GMPR2,GMPR,GMPR2,0,,,
GNB3|KLF5,GNB3,KLF5,0,-0.3723780568291474,-3.096770009158171,-1.0290973203884521
GOLPH3|GOLPH3L,GOLPH3,GOLPH3L,1,,,
GOLT1A|GOLT1B,GOLT1A,GOLT1B,0,0.09127186269378268,1.8853607519291216,0.6276336484067203
GPR183|MTA3,GPR183,MTA3,0,0.043736136285368904,0.5876609190641696,0.28048483039437067
GPSM1|GPSM2,GPSM1,GPSM2,0,0.10005006008740704,1.401895983493262,0.7763422570422992
GRHL2|GRHL3,GRHL2,GRHL3,0,-0.0847084928406065,-4.307616543332912,-1.0654670543797629
GRIP1|GRIP2,GRIP1,GRIP2,0,-0.07625628931461381,2.335204401305287,1.1023383961930067
GSTP1|SPDEF,GSTP1,SPDEF,0,-0.052980695131045114,-0.47397454818176615,-0.2799048225431729
GTF3C1|SNAPC4,GTF3C1,SNAPC4,0,0.26848931450962,2.2929941033338617,0.8749643906264465
GXYLT1|GXYLT2,GXYLT1,GXYLT2,0,-0.1144365243751322,-1.0401136673261575,-0.6794825346857881
GYS1|GYS2,GYS1,GYS2,0,-0.0996255115336905,-1.3610091741788353,-0.5580764897950324
H2AFX|MCPH1,H2AFX,MCPH1,0,,,
HACD1|HACD2,HACD1,HACD2,0,-0.24757813668954953,-2.18172267940175,-1.4383863047187853
HEATR5A|HEATR5B,HEATR5A,HEATR5B,0,-0.16868790142916898,-2.970399203524487,-1.044342887403328
HMG20B|MTA1,HMG20B,MTA1,0,0.07011356638983082,-1.9398204763180824,0.7223055275219359
HMGCL|HMGCLL1,HMGCL,HMGCLL1,0,0.0815563684748632,1.7923232358975356,0.6464496170717496
HMGCS1|HMGCS2,HMGCS1,HMGCS2,0,-0.17361252829331075,2.331647091597345,0.861982456943983
HMSD|SERPINA11,HMSD,SERPINA11,0,0.0810717141116443,1.405969378132407,0.5322099889722663
HMSD|SERPINA12,HMSD,SERPINA12,0,0.017888821894110063,0.3715217675642058,0.163598499009704
HMSD|SERPINA9,HMSD,SERPINA9,0,-0.10320981903671511,1.3379099009151505,-0.5186051001240275
HNRNPF|HNRNPH1,HNRNPF,HNRNPH1,1,-0.3292941418969606,2.255469481183004,1.2036532338122015
HNRNPH1|HNRNPH3,HNRNPH1,HNRNPH3,1,-0.564758982410089,-2.5475576296653255,-1.189410722624658
HPS1|MYCN,HPS1,MYCN,0,0.07179226234649584,1.7597124908662252,0.5703725075846795
HSCB|TSTD1,HSCB,TSTD1,0,,,
HUS1|HUS1B,HUS1,HUS1B,0,0.09393396275055405,0.5596179146222533,0.3063390009407346
ICK|MAK,ICK,MAK,0,,,
IDH1|IDH2,IDH1,IDH2,0,0.05711639063890561,1.2667608421895673,0.6070579995727101
IDH3B|IDH3G,IDH3B,IDH3G,1,-0.30907090087390415,-2.9403973194097848,-0.8899068923121467
IKBKE|TBK1,IKBKE,TBK1,0,-0.07831079976981968,0.898980295042698,0.42315862804196364
IL10RA|IL6R,IL6R,IL10RA,0,0.09091874669314372,-1.253617941653426,0.496709528425752
IL6ST|PCGF1,IL6ST,PCGF1,0,-0.3097422860432896,-6.2663094020107675,-1.5048514289535113
ILF3|SFPQ,ILF3,SFPQ,0,-0.30792429887753436,4.362407974850772,1.4143032539180478
IMPDH1|IMPDH2,IMPDH1,IMPDH2,1,-0.30663823680839386,-1.4137753744343629,-0.746886746146378
INCENP|ZWILCH,INCENP,ZWILCH,1,-0.29266147317256075,-2.927961362193913,-1.4709570726559364
INTS2|VMP1,INTS2,VMP1,0,-0.2638601437738646,2.335190478059183,0.9120879526609372
INTS6|INTS6L,INTS6,INTS6L,1,-0.6686980195948126,-1.7993663930366919,-0.9532846268643228
IPO5|RANBP6,IPO5,RANBP6,0,-0.2811922024313007,-2.4469242238078848,-1.2433979025385078
IPO7|IPO8,IPO7,IPO8,0,-0.3846773235275178,-4.037526977411486,-2.0143425643897785
IQCA1|IQCA1L,IQCA1,IQCA1L,0,0.07463909130002758,1.3227064885841657,0.6436108333248267
IRF4|IRF8,IRF4,IRF8,0,0.8173171933547065,3.6213029431636525,0.9571274729068083
ISCA2|PLAU,ISCA2,PLAU,0,0.13628936629100286,0.7186874148825306,0.3560500482242267
ISL1|YBX3,ISL1,YBX3,0,0.018823308030799207,0.7447063921403637,0.20459543533615393
ITSN1|ITSN2,ITSN1,ITSN2,0,0.11784952682969929,2.4661160495636847,0.8246360043931673
JAG1|JAG2,JAG1,JAG2,0,0.11421599981987617,-1.8086737125362469,0.8926212259117237
KAT6A|KAT6B,KAT6A,KAT6B,0,0.16115594880889775,4.761042140180117,1.1714326244083093
KCNMB3|WRN,KCNMB3,WRN,0,-0.07801539283216045,2.5035206216835713,-0.8402863745923409
KCNT1|KCNT2,KCNT1,KCNT2,0,-0.11293294591052692,-1.4230467824615158,-0.6828829173242535
KHSRP|TNPO1,KHSRP,TNPO1,1,0.3227569934613621,4.132095207488403,1.4045501815247243
KIAA0319|KIAA0319L,KIAA0319,KIAA0319L,0,-0.04344266575199399,-1.496812288214569,-0.5401219210005528
KIF20A|SKA1,KIF20A,SKA1,0,0.3273878887045269,0.9670308764062743,0.6417095618390212
KIF20A|KIF4A,KIF4A,KIF20A,1,-0.3621399769003164,-2.6140206308216802,-0.9005938395064509
KLF4|MRPL55,KLF4,MRPL55,0,0.20029524210094968,2.646675921819732,1.0339223427819468
KLF4|MTG2,KLF4,MTG2,0,0.08657810274126126,1.0869450521170798,0.35988565280188906
KLF5|OSBPL6,KLF5,OSBPL6,0,0.3399690773967816,2.43695391167153,0.8550745807385276
KPNA2|KPNA3,KPNA2,KPNA3,0,-0.11792601263489497,-2.3059271004484097,-0.8548652774379145
L3MBTL2|MBTD1,L3MBTL2,MBTD1,0,0.14034824006813723,1.6654550875864012,0.7804902619887917
LARP1|LARP1B,LARP1,LARP1B,0,0.23243591261917593,2.3036293310953084,1.0920741392045155
LATS1|LATS2,LATS1,LATS2,1,-0.15584540234880243,-2.5716206373999446,-1.110651400242005
LDB1|LDB2,LDB1,LDB2,0,0.1866299929479529,2.275134822545893,0.7193642166439916
LIMK1|LIMK2,LIMK1,LIMK2,0,-0.08293570060461646,-2.2783034129193225,-0.6725062523716736
LIN28A|LIN28B,LIN28A,LIN28B,0,-0.0612452754410317,-0.9732844637229666,-0.48676722815916235
LMBR1|LMBR1L,LMBR1,LMBR1L,0,0.009678094853206448,0.22044654840121064,0.08231830178666877
LNX1|LNX2,LNX1,LNX2,0,-0.06981556599677567,-2.283454232302849,-0.7234689897139777
LRBA|NBEA,LRBA,NBEA,0,0.12138091235837171,3.5813899474681707,1.2688352387453214
LRFN1|TTC7A,LRFN1,TTC7A,0,-0.48327560688280535,-4.003477334345314,-0.9173887387730778
LSM14A|LSM14B,LSM14A,LSM14B,0,0.07724033145228082,0.5785339017499775,0.3977476848186393
MAPK8IP3|SPAG9,MAPK8IP3,SPAG9,0,0.17645753312563478,3.949835340168772,1.1912304460010223
MARCKS|XPR1,MARCKS,XPR1,0,0.10739947127758759,1.2667118789318577,0.4447101888852176
MAT1A|MAT2A,MAT1A,MAT2A,1,-0.2397851918345495,-1.089721289674311,-0.4418030334036997
MBP|MRPL38,MBP,MRPL38,0,0.0919940021302289,0.7483278885721815,0.2767976506284665
MECOM|PRDM16,MECOM,PRDM16,0,-0.4472693650585319,2.0845021129251773,0.9912873058865652
MED12|MED12L,MED12,MED12L,0,0.3505899399924526,3.7239336200723803,1.342098253531297
MED13|MED13L,MED13,MED13L,1,-0.14824942703808164,1.6631408605006899,-0.6449326126161727
MED18|MED20,MED18,MED20,0,0.45325940811029125,2.1956741947372143,1.3494963889414069
MED18|MED31,MED18,MED31,1,0.06817305001241203,0.4657412424077117,0.2686846517659539
MED23|THRAP3,MED23,THRAP3,1,-0.5698717994115285,-2.281513684293359,-1.294390899858008
MED26|MED8,MED8,MED26,1,0.29317526134871474,5.034922255877932,1.2994164211516877
MMD|MMD2,MMD,MMD2,0,-0.14142486472476018,-1.3577010019135733,-0.9168375744757187
MORF4L1|MORF4L2,MORF4L1,MORF4L2,0,0.10985268803219272,1.3267429153769752,0.7920857546579201
MPC1|MPC1L,MPC1,MPC1L,0,,,
MRPL41|PLEK2,MRPL41,PLEK2,0,,,
MRPL55|QSOX1,MRPL55,QSOX1,0,-0.228987243331081,-2.6825003594820953,-1.1747969702817587
MRPL55|RUNX1,MRPL55,RUNX1,0,-0.24263665346206453,-1.9045627372388283,-0.8649495811634315
MRPL55|SOX9,MRPL55,SOX9,0,-0.08448887918412673,-1.1549233765234994,-0.41009024013733375
MRPL55|TGFBR2,MRPL55,TGFBR2,0,-0.2196205212685789,-1.9257102615676158,-0.7832205953685596
MTG2|RUNX1,MTG2,RUNX1,0,-0.28663032765557317,-2.9677366852387124,-1.0704834858909835
MTHFD1|TBC1D9,MTHFD1,TBC1D9,0,0.28602687037882074,3.7880367390783607,2.0000708770578206
MTMR3|MTMR4,MTMR3,MTMR4,1,-0.11955878630300482,3.510356255633785,1.131294212214835
MTX1|TOMM22,MTX1,TOMM22,0,0.1403705765868557,0.7836280189350636,0.4487160151187924
MYBPH|MYBPHL,MYBPH,MYBPHL,0,-0.1882309899944437,-2.430526698784288,-1.0521491692794656
MYC|MYCN,MYC,MYCN,0,0.1439167107036292,2.823284183091401,0.5562737074041338
MYD88|TIRAP,MYD88,TIRAP,0,-0.08484496329906377,-2.1258621850688595,-0.9686465063919701
MYH7|MYL7,MYH7,MYL7,0,0.0470794676614472,-1.6160898963869568,-0.5343583012662836
NAA10|NAA11,NAA10,NAA11,1,0.43397200022609594,0.987125735570124,0.6408161009441222
NAA15|NAA16,NAA15,NAA16,1,0.2468959868604934,-2.9535509580198487,1.1439536377525152
NAPA|NAPB,NAPA,NAPB,0,,,
NAT8L|TTC7A,NAT8L,TTC7A,0,-0.4636994956290993,-1.4191219552601073,-0.7396121888125889
NBEAL1|NBEAL2,NBEAL1,NBEAL2,0,-0.08285527051729302,-1.4054411655860994,-0.536477898962115
NCBP2|NCBP2L,NCBP2,NCBP2L,1,,,
NCK1|NCK2,NCK1,NCK2,0,-0.1907223611524722,-2.05354594289083,-1.051764228721789
NCKAP1|NCKAP1L,NCKAP1,NCKAP1L,1,0.29395721078133813,3.237439284228438,-1.1356041732532787
NDE1|NDEL1,NDE1,NDEL1,1,0.31298115258602766,2.21439809271147,0.7823406300464458
NDUFB4|NDUFC1,NDUFB4,NDUFC1,0,,,
NETO1|NETO2,NETO1,NETO2,0,0.08838639792659697,1.4913154036003171,0.845684125726866
NKAP|NKAPL,NKAP,NKAPL,1,0.08438230781907019,0.7544675708107089,0.38609154737205253
NMT1|NMT2,NMT1,NMT2,1,-0.20033758838581972,-3.745794482421078,-0.7369814331949572
NR5A1|NR5A2,NR5A1,NR5A2,0,0.04326879202109817,1.177047918172555,0.42498086567297644
NRBP1|NRBP2,NRBP1,NRBP2,1,-0.09394391913066427,-1.4707092333588174,-0.6276760940796516
NUMB|NUMBL,NUMB,NUMBL,0,0.14771523137508025,-1.525684921776819,0.735487029944968
NXT1|NXT2,NXT1,NXT2,1,,,
OSMR|PCGF1,OSMR,PCGF1,0,0.14616602823698413,4.990457756875004,1.0406471322185749
PACS1|PACS2,PACS1,PACS2,0,0.09690558797638335,-1.0518279874595273,0.4952341295009508
PAPSS1|PAPSS2,PAPSS1,PAPSS2,1,0.12574859490187093,2.8797926743231437,1.222176058524482
PCBD1|PCBD2,PCBD1,PCBD2,0,,,
PCGF1|PSMB8,PCGF1,PSMB8,0,-0.2661599399104595,-1.1496608384515703,-0.8456633841234197
PCGF1|SAMD9,PCGF1,SAMD9,0,0.30689194990007745,-2.83430994970433,-0.8904032956508303
PCGF1|TIMP2,PCGF1,TIMP2,0,,,
PCGF1|UBASH3B,PCGF1,UBASH3B,0,0.1028978975750891,1.7939590401985328,0.6011028813414999
PDS5A|PDS5B,PDS5A,PDS5B,1,-0.7505860854085573,-3.079113291481901,-1.160162321212678
PEF1|SRI,PEF1,SRI,0,,,
PFAS|SMARCA1,PFAS,SMARCA1,0,-0.37583176860086775,-2.6750858436096796,0.9036373618616131
PIP4P1|PIP4P2,PIP4P1,PIP4P2,0,-0.00048425260408758997,-0.005940923402869572,-0.003476118028488806
PLCG1|PLCG2,PLCG1,PLCG2,0,0.1810820595237279,2.8410999367125087,1.3475595714200495
PLD1|PLD2,PLD1,PLD2,0,0.09746906689468837,-2.4794805337685957,0.8669361130622059
PLXDC1|PLXDC2,PLXDC1,PLXDC2,0,-0.07177418510632969,-2.1554590948517323,-0.6804481261944716
PMM1|PMM2,PMM1,PMM2,1,-0.07857054783004924,-0.797041686317072,-0.4959292951311601
PMPCB|UQCRC1,PMPCB,UQCRC1,0,-0.384377887048591,-2.5309173909467164,-1.3217393257196401
PPP2CA|PPP2CB,PPP2CA,PPP2CB,1,0.19450387454797113,2.04194583758751,0.5961488799252201
PPP2CA|PPP3CC,PPP2CA,PPP3CC,0,,,
PPP2CA|PPP4C,PPP2CA,PPP4C,0,0.38027694819677005,1.5948348930166307,0.8665918375656755
PPP2R1A|PPP2R1B,PPP2R1A,PPP2R1B,1,-0.43864980455796854,-1.421881295610712,-0.9804017867034711
PPP3CA|PPP3R1,PPP3CA,PPP3R1,0,0.06307991808015047,0.9377323552414936,0.4263271045743458
PRKAB1|PRKAB2,PRKAB1,PRKAB2,0,-0.02515789801249798,-0.353740205471742,-0.1680048993813976
PRPF8|SF3B2,PRPF8,SF3B2,0,0.33830890703084515,1.4384706571094832,0.6919390790418501
PRPF8|SF3B3,PRPF8,SF3B3,0,-0.799072656658347,-3.380275599993045,-2.078448520899572
PSEN1|PSEN2,PSEN1,PSEN2,0,-0.07869260909066775,-0.6652854826186785,-0.4510292816251887
PSMB6|PSMB9,PSMB6,PSMB9,0,,,
PSMB8|TUFM,PSMB8,TUFM,0,-0.29273790636827696,-1.761164514740652,-0.9535404000627304
PTCH1|PTCH2,PTCH1,PTCH2,0,0.10168850391203181,1.2641648054041141,0.618692320634392
PTPN14|PTPN21,PTPN14,PTPN21,0,0.16797076537439912,3.910041461755518,1.0307717156606235
PTPN11|PTPN6,PTPN6,PTPN11,1,-0.10708880401013543,-0.7361697278706536,-0.5116136576688969
PUM1|PUM2,PUM1,PUM2,1,-0.14181222487522183,-2.855468246625487,-0.639021040758911
PXDN|PXDNL,PXDN,PXDNL,0,-0.11986110309802603,-2.732010213466229,1.5633973931691583
RAD17|RFC2,RAD17,RFC2,0,-0.062130660636478874,-0.4145635180766815,-0.16903448354042894
RALGPS1|RALGPS2,RALGPS1,RALGPS2,0,0.1432642188389905,1.2613531769111683,0.6984625685409054
RANBP17|XPO7,RANBP17,XPO7,0,0.11081100138946573,4.000097097533609,0.8990174434406222
RANBP10|RANBP9,RANBP9,RANBP10,1,0.0819289394862438,1.6518760689823204,0.6717537130926677
RAP1GAP|RAP1GAP2,RAP1GAP,RAP1GAP2,0,-0.10734200332419852,-1.4053315263240986,-0.7703419090599501
RBBP4|RBBP7,RBBP4,RBBP7,1,0.17378088192892616,1.1891330883109315,0.5273516534085934
RBPJ|RBPJL,RBPJ,RBPJL,0,-0.2974448351007998,-2.438240520151048,-1.6111734389140808
RC3H1|RC3H2,RC3H1,RC3H2,0,0.10302560158123356,2.903113105686588,0.6893487077943038
RCBTB1|RCBTB2,RCBTB1,RCBTB2,0,0.04612084698686783,1.0000891778075847,0.3641268034796567
RECK|TTC7A,RECK,TTC7A,0,0.0931171379421498,3.6849231034838676,0.9310661249021354
RECK|UMPS,RECK,UMPS,0,-1.129039269020855,-3.6775025619499697,-2.087743253388198
RGS19|S1PR4,RGS19,S1PR4,0,0.06977454871423118,2.3421334593939265,0.9290295329680172
RHBDF1|RHBDF2,RHBDF1,RHBDF2,0,0.23022610359421547,2.7592408348779447,1.4208591595482478
RHOT1|RHOT2,RHOT1,RHOT2,1,-0.15495931641739838,-0.9962651524997984,-0.4702060141381819
RIC8A|RIC8B,RIC8A,RIC8B,0,-0.06185625594046528,-0.989072147936604,-0.46994175232255925
RIMKLB|TTC7A,RIMKLB,TTC7A,0,0.4168710079472673,4.658806050819692,-1.1911982383291166
RING1|RNF2,RING1,RNF2,1,0.08279108998122958,1.224594436234924,0.5016284877271544
RNF103|RNF130,RNF103,RNF130,0,-0.1056488017473454,1.284319166671834,-0.6962069599583373
RNF113A|RNF113B,RNF113A,RNF113B,0,0.02087674252456745,0.46356394694650116,0.1791763282327286
RNF125|TRIM25,RNF125,TRIM25,0,,,
RNF144A|RNF144B,RNF144A,RNF144B,0,0.04302865835731867,0.751500211788188,0.41276379636196464
RNF20|RNF40,RNF20,RNF40,1,-0.2196965781599911,-1.163748340873029,-0.7540031626023934
RNF38|RNF44,RNF38,RNF44,0,0.11164988911400288,3.7188021591496274,1.0053251299204953
RPL3|RPL3L,RPL3,RPL3L,0,0.2304828086247408,0.9958077373698935,0.6033053334437198
RPP14|RPP21,RPP14,RPP21,0,,,
RPRD1A|RPRD1B,RPRD1A,RPRD1B,1,,,
RRAGC|RRAGD,RRAGC,RRAGD,1,0.21436503923396788,1.5982645963412299,0.7117670365707122
RRM1|TYMS,RRM1,TYMS,0,0.40438085843060145,2.244711646799315,0.7084131767258187
RSBN1|RSBN1L,RSBN1,RSBN1L,0,-0.09568821498216142,-1.727367414475715,-0.7360498584802402
RSC1A1|SUSD1,RSC1A1,SUSD1,0,-0.1076659892774842,-1.1774589378619056,-0.839541374705577
RYBP|YAF2,RYBP,YAF2,0,0.013100974149965666,0.28048113432162763,0.11535566632664399
SAFB2|SFPQ,SAFB2,SFPQ,0,0.1834594666893734,2.1309488425601035,0.9401417246487496
SAMD4A|SAMD4B,SAMD4A,SAMD4B,1,0.1034194055147108,0.8108033789447022,-0.3079887439342624
SAP30|SAP30L,SAP30,SAP30L,0,0.04152951097866381,0.45779042313287377,0.29789234706776924
SAR1A|SAR1B,SAR1A,SAR1B,1,-0.012981753264312171,-0.22647560755094862,-0.11163198537345645
SAR1A|SEC23A,SAR1A,SEC23A,0,-0.1839937960333606,-0.7563512947681895,-0.5827462268447505
SBF1|SBF2,SBF1,SBF2,0,0.0657408623051683,-2.328293200764271,-0.7931096763386585
SBNO1|SBNO2,SBNO1,SBNO2,0,-0.46828991284674526,-4.922769938042156,-1.1044033993602107
SEC11A|SEC11C,SEC11A,SEC11C,1,,,
SEC23A|SEC23B,SEC23A,SEC23B,1,-0.5235726757209929,-3.569047712322559,-1.3294498284957086
SEC31A|SEC31B,SEC31A,SEC31B,0,-0.20284065099118645,3.157384260315087,-1.4186809419838247
SEPHS1|SEPHS2,SEPHS1,SEPHS2,1,0.37344705608393447,1.8047738669201092,0.7070489453264215
SF1|TCERG1,SF1,TCERG1,0,-0.44195400936279805,2.4627691375318066,-0.8941127447084232
SF3A1|SNRPB2,SF3A1,SNRPB2,0,-0.7875483513098053,-1.7317143331880376,-1.2188860419015293
SHMT1|SHMT2,SHMT1,SHMT2,1,-0.03477820988345168,-0.43298971950753146,-0.22604865063244098
SIK2|STRADA,SIK2,STRADA,0,-0.0909483030731299,-1.4453621728983759,-0.5048141807377866
SIN3A|SIN3B,SIN3A,SIN3B,0,-0.1473609904156965,-1.597514072466412,-0.756017408813601
SIRPA|TREM2,SIRPA,TREM2,0,0.11223613886064382,4.940317489259395,1.485888704555729
SIRPA|TYROBP,SIRPA,TYROBP,0,-0.03608389345044041,-0.6449870252234533,-0.3304184317519758
SLC11A1|SLC11A2,SLC11A1,SLC11A2,0,0.11317886792576017,1.817075336993597,0.7967730241784751
SLC25A15|SLC25A2,SLC25A2,SLC25A15,0,-0.14045347879568415,-2.0477265714680066,-1.1127323673979763
SLC25A24|SLC25A25,SLC25A24,SLC25A25,0,-0.12842511213562635,-2.609376016728751,-0.8133196791367735
SLC25A28|SLC25A37,SLC25A28,SLC25A37,1,-0.25368011652342354,-1.6004375113613594,-0.82789015578231
SLC35F3|SLC35F4,SLC35F3,SLC35F4,0,0.0919224489781428,1.9037504298036725,0.6867240887204685
SLC9A3R1|SLC9A3R2,SLC9A3R1,SLC9A3R2,0,,,
SMAP1|SMAP2,SMAP1,SMAP2,0,-0.02989740286289691,-0.6565026953488012,-0.2332377011683976
SMARCA2|SMARCA4,SMARCA2,SMARCA4,1,-0.7096838101792589,-4.726208609357345,-1.2498425628794876
SMARCC1|SMARCC2,SMARCC1,SMARCC2,1,-0.23143978206391008,1.699076921457576,0.9926557668316788
SMC1A|SMC1B,SMC1A,SMC1B,0,-0.3294662983138741,-4.156122163108011,-1.438584433496718
SNRPB|SNRPN,SNRPB,SNRPN,0,-0.23452914314687145,-0.7459966189170709,-0.4489644430582998
SNX2|SNX6,SNX2,SNX6,0,-0.11398127665663702,-0.8733111566092,-0.5154834391600928
SOS1|SOS2,SOS1,SOS2,1,-0.2869614853566426,1.9850600680967883,-0.9320207042867418
SPOP|SPOPL,SPOP,SPOPL,0,0.06902206227833318,1.2127327693270096,0.4970725662303257
SPTA1|SPTAN1,SPTA1,SPTAN1,0,0.11934335754466449,2.337823789719077,0.8864507967702031
SPTLC2|SPTLC3,SPTLC2,SPTLC3,0,0.15532959059945198,2.7841515278714493,0.8010581051001617
SS18|SS18L1,SS18,SS18L1,0,0.03944237472529711,0.8086186718261544,0.30347871899890183
STAM|STAM2,STAM,STAM2,1,-0.17095672539662166,-1.4195124821513108,-0.6842345225313083
STAM|VPS37A,STAM,VPS37A,0,-0.18604848783924588,-1.1839262082597757,-0.6330819491915645
STRIP1|STRIP2,STRIP1,STRIP2,1,-0.21301651593529003,3.5443307691279946,1.0048398748069427
STT3A|STT3B,STT3A,STT3B,1,0.23674367494269122,3.313624660704983,1.3314167240978272
STX17|ZFYVE19,STX17,ZFYVE19,0,-0.016103438908865703,-0.629649355150115,-0.2028609242360501
STX4|VIM,STX4,VIM,0,-0.14958199519136556,-0.4310422617975998,-0.25219039453422293
STX4|ZEB1,STX4,ZEB1,0,-0.2524492370361819,-2.0345883921891885,-0.9812411051516859
STX12|STX7,STX7,STX12,1,-0.009253351338537552,-0.11875444388752975,-0.07839311766640962
SUV39H1|SUV39H2,SUV39H1,SUV39H2,0,0.168138123071644,1.7748392419485364,1.1256451854456557
SYK|ZAP70,SYK,ZAP70,0,-0.09822775340759292,-1.7999095453126968,-0.9373814869606218
TAF1|TAF1L,TAF1,TAF1L,0,-0.1744829009095913,-3.4053328157796994,-1.2576247088032722
TAF9|TAF9B,TAF9,TAF9B,1,-0.0034601595406265895,-0.08773726509978781,-0.03897513679184824
TANC1|TANC2,TANC1,TANC2,0,-0.1546829028416662,-2.216273860743267,-1.20319519824812
TBC1D1|TBC1D4,TBC1D1,TBC1D4,0,-0.08523892034290263,-1.675788750447884,-0.7631498112828755
TBC1D26|TBC1D28,TBC1D26,TBC1D28,0,,,
TBP|TBPL2,TBP,TBPL2,0,,,
TIMM23|TIMM23B,TIMM23,TIMM23B,1,,,
TLN1|TLN2,TLN1,TLN2,1,0.4505824891296706,3.4278034056490103,1.3785281066324038
TMEM120A|TMEM120B,TMEM120A,TMEM120B,0,0.15838608864969012,-1.0877418545734412,0.6790056728023821
TMEM185A|TMEM185B,TMEM185A,TMEM185B,0,0.19044056598422474,1.0448708700270883,0.7846695270323288
TMEM30A|TMEM30B,TMEM30A,TMEM30B,0,-0.14302967226433552,-1.8342179554614033,-0.826200850313074
TMEM9|TMEM9B,TMEM9,TMEM9B,0,,,
TNKS|TNKS2,TNKS,TNKS2,1,-0.14292350866689293,-2.11101296280023,-0.853828740154139
TNPO1|TNPO2,TNPO1,TNPO2,1,-0.2718523105598882,-2.3646681149074467,1.0726046032350696
TOB1|TOB2,TOB1,TOB2,0,-0.09073126229290969,-1.3521018977678319,-0.5247150215008696
TOMM22|TOMM40,TOMM22,TOMM40,0,0.19756466718174304,0.6773438870723851,0.47237891863161896
TOMM40|TOMM40L,TOMM40,TOMM40L,0,0.008895736687276945,0.2284501541798467,0.12339005295772357
TOP1|TOP1MT,TOP1,TOP1MT,0,0.19307317376879074,-0.9293771005466599,-0.5124173879257558
TOP2A|TOP2B,TOP2A,TOP2B,0,-0.8186108682357731,-2.648059096154613,-1.0794621621380285
TPST1|TPST2,TPST1,TPST2,0,-0.1686334290737272,-2.7527372326870863,-1.6236540748554467
TRAPPC3|TRAPPC3L,TRAPPC3,TRAPPC3L,0,,,
TSG101|VPS37A,TSG101,VPS37A,1,0.21315851606046177,1.892904055723133,0.8160456100382045
TTC23|ZNF34,TTC23,ZNF34,0,0.045859961726103585,0.9181215249314117,0.34129870563632697
TTC7A|TTC7B,TTC7A,TTC7B,1,-0.19070808385809548,-1.6012190421050259,-1.0062329529189307
TUBB|TUBB4B,TUBB,TUBB4B,1,,,
TUBB2A|TUBB4B,TUBB2A,TUBB4B,0,,,
TUBB2B|TUBB4B,TUBB2B,TUBB4B,0,,,
UAP1|UAP1L1,UAP1,UAP1L1,1,0.24026407604347846,7.141425468512575,1.5026805457868464
ULK1|ULK2,ULK1,ULK2,0,0.14836915394428388,-2.1096281542433686,-0.9078975169335375
UNC119|UNC119B,UNC119,UNC119B,0,-0.005155847018556228,-0.04449882515714025,-0.031010397869980534
UNC45A|UNC45B,UNC45A,UNC45B,0,-0.12103273992346869,-1.483358419430115,-0.6920688863733945
USP13|USP5,USP5,USP13,0,-0.22607589701063535,-1.5881616308268636,-0.737778353610347
UTP14A|UTP14C,UTP14A,UTP14C,0,-0.0703978808003271,-2.012606232257162,-0.48176863899333777
VANGL1|VANGL2,VANGL1,VANGL2,0,0.036872596337778424,-0.5817350149562334,-0.2932169813410355
VPS26A|VPS26B,VPS26A,VPS26B,0,-0.23293235073202495,-1.053870883022689,-0.7758511859453676
WAS|WASL,WAS,WASL,0,0.054368471576413335,0.7544932461733165,0.3169938920428822
WRN|ZNF284,WRN,ZNF284,0,0.18724383457983,2.826126841396388,1.2282729957828875
XRCC4|XRCC6,XRCC4,XRCC6,1,-0.041177758451479585,0.6711392746807903,0.25926865506637137
XYLT1|XYLT2,XYLT1,XYLT2,0,0.2612657717671783,2.1079564257141166,-1.0830252717938138
YIF1A|YIF1B,YIF1A,YIF1B,0,,,
YIPF5|YIPF7,YIPF5,YIPF7,0,0.08744512894298573,1.4842934102627492,0.47890828050539375
ZDHHC13|ZDHHC17,ZDHHC13,ZDHHC17,0,0.19719584382840633,-2.577850709808271,1.2839390566772246
ZMIZ1|ZMIZ2,ZMIZ1,ZMIZ2,0,0.17195204442411943,-4.314817107451179,-1.5776631713462033
ZNF146|ZNF260,ZNF146,ZNF260,0,0.07132797212514932,2.0768692759471734,0.6062874905801325
ZNF185|ZNF418,ZNF185,ZNF418,0,-0.18970863345613412,-1.5170724091008745,-1.073374380743353
ZNF423|ZNF521,ZNF423,ZNF521,0,-0.12303300455992393,-1.5136027050344967,-0.8618012604354518
