pair,harle_hit,abs_dd_all_lineages,abs_dd_matched_lineages
ABCC3|ATP5PB,0,0.17377241533474524,0.06800197119622409
ABL1|ABL2,0,0.15713620788991173,0.09331681789092641
ABT1|LGALS9,0,0.008805873387330299,0.008805873387330299
ABTB2|BTBD11,0,,
ACACA|ACACB,0,0.1690824684720646,0.15287712987874896
ACTL6A|ACTL6B,0,0.1832981337489552,
ADAM19|NHLRC1,0,0.1350415277315387,0.06716754895397123
ADAP1|ADAP2,0,0.015046383964796989,
ADARB1|ADARB2,0,0.1938841925766034,0.09035980519700956
ADM|RAMP2,0,,
ADSS|ADSSL1,1,,
AFG3L2|LONP1,0,0.4968867936834932,0.09917113192666305
AHCYL1|AHCYL2,1,0.1445825188398182,
AKIRIN1|AKIRIN2,1,,
ALAS1|ALAS2,0,0.18440032603860237,0.18440032603860237
ALAS1|SPTLC2,0,0.16365736326878508,
ALDOA|RSPH1,0,0.343651724731022,
ALDOC|PKM,1,0.20328752988226884,
ALG14|TSTD1,0,,
ANAPC4|PTTG1,1,,
ANXA1|PCGF1,0,,
AOX1|XDH,0,0.08289304972630443,0.06747311817130835
AP1G1|AP1G2,0,0.11015205816113663,0.11015205816113663
AP2A1|AP2A2,1,0.0947511091937269,0.07018869627355387
AP3M1|AP5M1,0,0.15982783990809338,0.0019901923856644535
APH1A|APH1B,0,0.006900661778939332,
APOBEC3C|PDCD6IP,0,0.05270478684870629,0.016321055335132027
ARFGEF1|ARFGEF2,1,0.4590446916267951,0.14203624007306911
ARFIP1|ARFIP2,0,0.02599237788693179,0.02599237788693179
ARHGEF3|NET1,0,0.12152279725315697,0.09014825921004191
ARHGEF6|ARHGEF7,0,0.05168246767463208,0.014221955456100777
ARID1A|ARID1B,1,0.7588957673251515,0.3224261481021624
ARID4A|DZIP3,0,0.2285928648204164,0.2285928648204164
ARPC5|ARPC5L,1,,
ARSJ|PCGF1,0,0.21451069313346324,0.21451069313346324
ASCL1|SP110,0,0.09302613666888034,
ASCL1|TAP1,0,0.10956153990868589,0.10956153990868589
ASF1A|ASF1B,1,,
ASF1B|HASPIN,0,0.12558012883770764,
ATAD2|ATAD2B,0,0.10429636173034128,0.05079225928050754
ATM|MDM4,0,0.1723823523928808,0.0953498884249295
ATP5F1A|GBP3,0,0.06961157619354684,
ATP5F1A|S100A6,0,0.07801571720377443,
ATP5F1B|EPHA2,0,0.2835661655077225,0.2835661655077225
ATP5F1B|LIF,0,0.06511624902527044,
ATP5F1B|SAMD9,1,0.27968245389261803,0.1566141593110404
ATP5F1D|HRH1,0,0.33454317151874613,0.33454317151874613
ATP5PB|S100A6,0,,
ATP6V1B1|ATP6V1B2,0,0.24376174703688025,
ATP6V1C1|ATP6V1C2,0,0.11562042769804048,
ATP6V1C2|ATP6V1D,0,0.12991640335805366,
ATP6V1E1|ATP6V1E2,1,,
ATP7A|ATP7B,0,0.10116970950580975,0.0591962514397404
ATP8B3|MYBL2,0,0.43471204028454297,0.27388013294692665
AXL|PCGF1,0,0.09892793278220796,0.019391301996627502
BATF3|STX4,0,0.7530326782818113,
BCAP31|NXT1,0,1.2898855664941147,
BECN1|BECN2,0,0.020473350083013986,0.020473350083013986
BICD1|BICD2,0,0.08873247683437663,0.049903902680025675
BRD8|TRRAP,0,0.3045046746487279,0.13965237494538885
BRSK1|BRSK2,0,0.08463175641301365,0.057596340469252
BUB1B|BUB3,0,0.6850192269067106,
BUB1B|SKA1,0,0.21993244369991538,
BZW1|BZW2,1,0.07441359334101902,
CAB39|CAB39L,1,0.08990420492319835,
CADPS|CADPS2,0,0.2165942642538891,0.03239262892544419
CAND1|CAND2,0,0.15784884031150648,0.07531581457495201
CAP1|CAP2,0,0.14087976937078084,0.14087976937078084
CAPN2|LDB1,0,0.32985489473398794,0.32985489473398794
CASP4|PCGF1,0,0.04891552076753639,
CAT|SOD1,1,,
CAV1|PCGF1,0,,
CAVIN1|PCGF1,0,,
CBLL1|CBLL2,0,0.06186040738106873,
CCND1|CCND3,0,0.3208258057010006,
CCND1|CCNE1,0,0.550380775370678,
CCNE1|CCNE2,1,0.45912673780125607,
CCNL1|CCNL2,1,0.5378741973103592,
CCNT1|CCNT2,1,0.14715557980806845,0.14715557980806845
CCT6A|CCT6B,0,0.24126676796730084,0.050488545555755104
CD163L1|SLCO2B1,0,0.1354670656464097,0.07199523635872977
CD44|MRPL55,0,,
CD72|FCRL3,0,0.06752082899754655,0.045536881383906457
CDC34|RNF10,0,0.05689121165686474,
CDIPT|IRF6,0,0.4061512043522316,
CDIPT|PCDH1,0,0.43980477766315607,0.16997408435895633
CDIPT|TSTD1,0,,
CDK16|CDK17,0,0.13179981073400748,
CDK19|THRAP3,0,0.07238815184372414,0.03283911993158059
CDK2|CDK7,0,0.2812514613426418,
CDK5R1|CDK5R2,0,0.11127710091143775,
CDK19|CDK8,1,0.07387675586902225,
CDNF|MANF,0,,
CDS1|CDS2,1,0.15980436995617026,
CEACAM1|WDR12,0,0.07427870466543873,
CFL1|PFN1,0,,
CHM|CHML,1,0.11432339711016468,
CHMP1A|CHMP1B,1,0.1504157644720351,
CHORDC1|ITGB1BP2,1,0.28451759653170017,
CHSY1|CHSY3,0,0.2629912437839732,0.049486909171998716
CHUK|IKBKB,1,0.11394407246240193,0.11394407246240193
CHUK|TANK,0,0.05619203153907834,0.02058655810596706
CKAP5|KIF11,0,0.31706439870158976,0.31706439870158976
CKAP5|TACC3,0,0.49500402680103683,0.11165580155062504
CLASP1|CLASP2,1,,
CLDN4|TIMM10,0,0.2918405260982957,
CLIP4|SPDEF,0,0.02688403976215592,0.02688403976215592
CLNS1A|SNRPD3,0,,
CLTB|CLTC,0,0.10459701927144699,0.03467683231512797
CLTC|CLTCL1,0,0.5043810082323641,0.0802920855519962
CNOT6|CNOT6L,0,0.1436539200396365,
CNOT7|CNOT8,1,,
COPG1|COPG2,1,0.2764447555177403,
COPS7A|COPS7B,1,0.1319481303927802,
COPZ1|COPZ2,0,,
COQ10A|COQ10B,1,,
COX4I1|COX4I2,0,0.13031968187178397,0.13031968187178397
COX6B1|COX6B2,0,,
COX6B1|CTSZ,0,0.02805573317364407,0.02805573317364407
CPS1|ZNF407,0,0.16152874967369857,0.16152874967369857
CREBBP|EP300,1,0.9717775817213439,0.5449803959101216
CRK|CRKL,1,,
CRY1|CRY2,0,0.18174173485787554,
CSTF2|CSTF2T,1,0.16738187358102108,0.16738187358102108
CTPS1|CTPS2,1,0.2684505008921838,0.010019682229212443
CTR9|PAF1,1,0.2738516608821374,0.028552615899302247
CWF19L1|RBM22,0,0.3882028249868983,
CYFIP1|CYFIP2,0,0.11931974290416239,0.031481977271043265
CYP26C1|NSDHL,0,0.22928994756473378,
CYP2A6|CYP2C8,0,0.020529946504836638,0.0017010577727846546
DBT|OGDHL,0,0.13480525965312365,0.0444169102354474
DDI1|DDI2,0,0.0534307105924921,0.0534307105924921
DDX39A|DDX39B,1,0.549129524634601,
DDX17|DDX5,1,0.14047371007718235,
DEGS1|DEGS2,0,0.0773048090819203,
DENND5A|DENND5B,0,0.12328435141195929,0.02495378034857801
DGAT1|MOGAT2,0,0.019176829026267647,
DGAT1|SOAT1,0,0.14121540657542347,
DGKI|DGKZ,0,0.16210530718412072,0.09781287888826634
DHX29|DHX9,1,0.5933767937318086,0.2833735657660382
DLL1|DLL4,0,0.04453834936953246,0.04453834936953246
DMD|UTRN,0,0.13062932432258495,0.059124281071313574
DMXL1|DMXL2,1,0.203668988597475,0.10167379275195974
DNAJC15|DNAJC19,1,,
DST|MACF1,0,0.2502146370825563,0.08841064142792139
DUOX1|DUOX2,0,0.09079538248577268,0.050714084673251836
DUSP10|MRPL27,1,0.015207580938500831,
DUSP10|MTG2,0,0.18160305375333763,
DUSP10|TAMM41,0,0.3697074655728824,
DUSP10|TIMM10,0,0.6091151187505838,
DUSP10|TUFM,0,0.14370768017660826,0.037910284322379154
DYNC1LI1|DYNC1LI2,1,0.04867450021513035,0.02058693600123368
DYNLRB1|DYNLRB2,0,,
DYNLT1|DYNLT3,0,,
DZIP1L|STX4,0,0.38047803224150484,0.38047803224150484
E2F3|E2F4,1,0.10653825807633216,0.005864828696211535
E2F3|RB1,0,0.7965065319419418,0.30331001814548686
EAF1|EAF2,1,0.015089247362415181,
EEFSEC|IFIH1,0,0.2993579083081477,0.03923928727808662
EEFSEC|SP110,0,0.1813951532971843,
EFNB1|EPHA3,0,0.09071975277341225,0.059312175295345604
EFR3A|EFR3B,1,0.2858615608993449,0.05031637171857334
EIF3J|EIF3L,1,0.14896612196447778,0.14896612196447778
ELL|ELL2,1,0.19822562441027802,0.13877134980726002
ENOX1|ENOX2,0,0.15830081172283442,0.02022658610833225
EPC1|EPC2,1,0.26973558634939016,0.26973558634939016
EPHA2|PCGF1,0,0.1199655331055595,0.11607394849922054
EPS15|EPS15L1,0,0.08415711013232363,0.0053999642506231404
ERC1|ERC2,0,0.09158699114984388,0.06858859490059399
ERN1|ERN2,0,0.1648682248594545,0.1648682248594545
ERO1A|ERO1B,0,0.04259058671675982,
ESRP1|ESRP2,0,0.22125327226684977,0.1309420006900704
EXOC6|EXOC6B,1,0.13532785920192034,0.013329596151912811
EZH1|EZH2,0,0.23181326605309882,0.08847366546587747
FAM126A|FAM126B,0,,
FAM50A|FAM50B,1,0.43541182406255735,
FANCF|FANCM,0,0.18791613895884657,0.1047270245353385
FARS2|GSDMD,0,0.3976141504746694,0.025898754325566875
FBLN1|PLXDC1,0,0.15655226322455082,
FDPS|MT2A,0,,
FDPS|TAP1,0,0.3380685667937515,0.22695312808338608
FEZ1|FEZ2,0,0.11936234679226503,
FKBP4|FKBP5,1,0.0469925897453945,
FKBP10|FKBP9,0,0.06842298896374244,0.024449910372330408
FLNB|FLNC,0,0.09838818744230525,0.02709208691824848
FLOT1|FLOT2,0,0.044651410220976906,
FNIP1|FNIP2,0,0.3062877358171256,0.3062877358171256
FOSL1|PCGF1,0,0.050037689056877284,
FOXA1|GSTP1,0,,
FOXA1|MAP4K4,0,0.20847850347848032,0.12247486346192973
FOXK1|FOXK2,1,0.25287334155771557,0.25287334155771557
FRS2|FRS3,0,0.10634165820114559,0.10634165820114559
FRY|FRYL,0,0.12930794029733075,0.0747017722017638
FSD1|FSD1L,0,0.04468870170536782,
G3BP1|G3BP2,1,0.1419719445892146,
GABPB1|GABPB2,0,0.09845217960485564,0.09845217960485564
GALNT2|GALNT5,0,0.14680523493505054,0.10805800440926795
GAPDH|RSPH1,0,0.3370223244337096,0.1080301129146678
GATAD2A|NCOR2,0,0.17657090687841137,0.11527455681884274
GBX1|GBX2,0,0.0992959485234099,0.020122409078791204
GDF15|TP53,0,0.08447458854792778,0.054475467608295025
GDI1|GDI2,1,0.05782742185838863,0.003861155821072812
GDI2|RHOBTB2,0,0.037548609676932757,
GFM1|TGFBR2,0,0.3719929678336681,
GIT1|GIT2,1,0.1260607386173034,0.1260607386173034
GLIS3|PCGF1,0,0.23858359183242434,0.058528565195806063
GMPR|GMPR2,0,,
GNB3|KLF5,0,0.3723780568291474,0.06478402320968957
GOLPH3|GOLPH3L,1,,
GOLT1A|GOLT1B,0,0.09127186269378268,
GPR183|MTA3,0,0.043736136285368904,0.017346238847598214
GPSM1|GPSM2,0,0.10005006008740704,
GRHL2|GRHL3,0,0.0847084928406065,0.0847084928406065
GRIP1|GRIP2,0,0.07625628931461381,0.004417199667094353
GSTP1|SPDEF,0,0.052980695131045114,
GTF3C1|SNAPC4,0,0.26848931450962,0.12074704173033113
GXYLT1|GXYLT2,0,0.1144365243751322,0.1144365243751322
GYS1|GYS2,0,0.0996255115336905,0.05954360265026716
H2AFX|MCPH1,0,,
HACD1|HACD2,0,0.24757813668954953,0.01910126011074161
HEATR5A|HEATR5B,0,0.16868790142916898,0.028325622486602614
HMG20B|MTA1,0,0.07011356638983082,0.013680297445471737
HMGCL|HMGCLL1,0,0.0815563684748632,0.05277781129466109
HMGCS1|HMGCS2,0,0.17361252829331075,0.022585052566412245
HMSD|SERPINA11,0,0.0810717141116443,0.004537440889787192
HMSD|SERPINA12,0,0.017888821894110063,0.017888821894110063
HMSD|SERPINA9,0,0.10320981903671511,0.05498121514925658
HNRNPF|HNRNPH1,1,0.3292941418969606,
HNRNPH1|HNRNPH3,1,0.564758982410089,
HPS1|MYCN,0,0.07179226234649584,
HSCB|TSTD1,0,,
HUS1|HUS1B,0,0.09393396275055405,
ICK|MAK,0,,
IDH1|IDH2,0,0.05711639063890561,
IDH3B|IDH3G,1,0.30907090087390415,
IKBKE|TBK1,0,0.07831079976981968,
IL10RA|IL6R,0,0.09091874669314372,
IL6ST|PCGF1,0,0.3097422860432896,
ILF3|SFPQ,0,0.30792429887753436,0.26815254740986283
IMPDH1|IMPDH2,1,0.30663823680839386,
INCENP|ZWILCH,1,0.29266147317256075,0.026711302696771744
INTS2|VMP1,0,0.2638601437738646,0.2638601437738646
INTS6|INTS6L,1,0.6686980195948126,0.34946691088083476
IPO5|RANBP6,0,0.2811922024313007,0.11001821714034668
IPO7|IPO8,0,0.3846773235275178,0.3846773235275178
IQCA1|IQCA1L,0,0.07463909130002758,0.06338003878595067
IRF4|IRF8,0,0.8173171933547065,0.31300623784027276
ISCA2|PLAU,0,0.13628936629100286,
ISL1|YBX3,0,0.018823308030799207,0.00041688077694923553
ITSN1|ITSN2,0,0.11784952682969929,0.11782876275624998
JAG1|JAG2,0,0.11421599981987617,0.11421599981987617
KAT6A|KAT6B,0,0.16115594880889775,0.1444055975857539
KCNMB3|WRN,0,0.07801539283216045,0.05764605897846513
KCNT1|KCNT2,0,0.11293294591052692,0.11293294591052692
KHSRP|TNPO1,1,0.3227569934613621,0.13269812214595633
KIAA0319|KIAA0319L,0,0.04344266575199399,0.013525821526031167
KIF20A|SKA1,0,0.3273878887045269,0.08237808920325562
KIF20A|KIF4A,1,0.3621399769003164,0.24026094671406273
KLF4|MRPL55,0,0.20029524210094968,0.20029524210094968
KLF4|MTG2,0,0.08657810274126126,0.013462439751486865
KLF5|OSBPL6,0,0.3399690773967816,0.21050647013137014
KPNA2|KPNA3,0,0.11792601263489497,0.08374939208196253
L3MBTL2|MBTD1,0,0.14034824006813723,
LARP1|LARP1B,0,0.23243591261917593,0.23243591261917593
LATS1|LATS2,1,0.15584540234880243,0.128271101075702
LDB1|LDB2,0,0.1866299929479529,0.1866299929479529
LIMK1|LIMK2,0,0.08293570060461646,0.023252638031676567
LIN28A|LIN28B,0,0.0612452754410317,0.0046785721233752395
LMBR1|LMBR1L,0,0.009678094853206448,
LNX1|LNX2,0,0.06981556599677567,0.016169569521436354
LRBA|NBEA,0,0.12138091235837171,0.04180151023798466
LRFN1|TTC7A,0,0.48327560688280535,0.12347751474888365
LSM14A|LSM14B,0,0.07724033145228082,0.07724033145228082
MAPK8IP3|SPAG9,0,0.17645753312563478,0.06743907725533463
MARCKS|XPR1,0,0.10739947127758759,0.10739947127758759
MAT1A|MAT2A,1,0.2397851918345495,
MBP|MRPL38,0,0.0919940021302289,
MECOM|PRDM16,0,0.4472693650585319,0.13702548529244113
MED12|MED12L,0,0.3505899399924526,0.0763257753417681
MED13|MED13L,1,0.14824942703808164,0.1290778271672178
MED18|MED20,0,0.45325940811029125,
MED18|MED31,1,0.06817305001241203,
MED23|THRAP3,1,0.5698717994115285,0.5698717994115285
MED26|MED8,1,0.29317526134871474,
MMD|MMD2,0,0.14142486472476018,0.14142486472476018
MORF4L1|MORF4L2,0,0.10985268803219272,
MPC1|MPC1L,0,,
MRPL41|PLEK2,0,,
MRPL55|QSOX1,0,0.228987243331081,
MRPL55|RUNX1,0,0.24263665346206453,0.24263665346206453
MRPL55|SOX9,0,0.08448887918412673,0.08448887918412673
MRPL55|TGFBR2,0,0.2196205212685789,
MTG2|RUNX1,0,0.28663032765557317,0.28663032765557317
MTHFD1|TBC1D9,0,0.28602687037882074,0.029591310990927322
MTMR3|MTMR4,1,0.11955878630300482,0.11955878630300482
MTX1|TOMM22,0,0.1403705765868557,
MYBPH|MYBPHL,0,0.1882309899944437,0.1882309899944437
MYC|MYCN,0,0.1439167107036292,
MYD88|TIRAP,0,0.08484496329906377,
MYH7|MYL7,0,0.0470794676614472,0.029380678927099238
NAA10|NAA11,1,0.43397200022609594,0.43397200022609594
NAA15|NAA16,1,0.2468959868604934,0.2468959868604934
NAPA|NAPB,0,,
NAT8L|TTC7A,0,0.4636994956290993,
NBEAL1|NBEAL2,0,0.08285527051729302,0.0595798179653001
NCBP2|NCBP2L,1,,
NCK1|NCK2,0,0.1907223611524722,
NCKAP1|NCKAP1L,1,0.29395721078133813,0.11527531057094548
NDE1|NDEL1,1,0.31298115258602766,
NDUFB4|NDUFC1,0,,
NETO1|NETO2,0,0.08838639792659697,0.08838639792659697
NKAP|NKAPL,1,0.08438230781907019,
NMT1|NMT2,1,0.20033758838581972,
NR5A1|NR5A2,0,0.04326879202109817,0.008202684059681817
NRBP1|NRBP2,1,0.09394391913066427,
NUMB|NUMBL,0,0.14771523137508025,
NXT1|NXT2,1,,
OSMR|PCGF1,0,0.14616602823698413,0.14616602823698413
PACS1|PACS2,0,0.09690558797638335,0.04889950079468916
PAPSS1|PAPSS2,1,0.12574859490187093,0.020895875546562356
PCBD1|PCBD2,0,,
PCGF1|PSMB8,0,0.2661599399104595,
PCGF1|SAMD9,0,0.30689194990007745,0.11486549438084435
PCGF1|TIMP2,0,,
PCGF1|UBASH3B,0,0.1028978975750891,
PDS5A|PDS5B,1,0.7505860854085573,0.2006987906627018
PEF1|SRI,0,,
PFAS|SMARCA1,0,0.37583176860086775,0.37583176860086775
PIP4P1|PIP4P2,0,0.00048425260408758997,
PLCG1|PLCG2,0,0.1810820595237279,0.007614791691305509
PLD1|PLD2,0,0.09746906689468837,0.09746906689468837
PLXDC1|PLXDC2,0,0.07177418510632969,0.07177418510632969
PMM1|PMM2,1,0.07857054783004924,
PMPCB|UQCRC1,0,0.384377887048591,0.11829825304442632
PPP2CA|PPP2CB,1,0.19450387454797113,
PPP2CA|PPP3CC,0,,
PPP2CA|PPP4C,0,0.38027694819677005,
PPP2R1A|PPP2R1B,1,0.43864980455796854,
PPP3CA|PPP3R1,0,0.06307991808015047,
PRKAB1|PRKAB2,0,0.02515789801249798,
PRPF8|SF3B2,0,0.33830890703084515,0.09384338389629798
PRPF8|SF3B3,0,0.799072656658347,0.32356174109226554
PSEN1|PSEN2,0,0.07869260909066775,0.07869260909066775
PSMB6|PSMB9,0,,
PSMB8|TUFM,0,0.29273790636827696,0.043381729729434944
PTCH1|PTCH2,0,0.10168850391203181,0.07511571337751287
PTPN14|PTPN21,0,0.16797076537439912,0.16797076537439912
PTPN11|PTPN6,1,0.10708880401013543,
PUM1|PUM2,1,0.14181222487522183,0.14181222487522183
PXDN|PXDNL,0,0.11986110309802603,0.025196295321564158
RAD17|RFC2,0,0.062130660636478874,
RALGPS1|RALGPS2,0,0.1432642188389905,
RANBP17|XPO7,0,0.11081100138946573,0.003017141469778495
RANBP10|RANBP9,1,0.0819289394862438,0.06559759029218881
RAP1GAP|RAP1GAP2,0,0.10734200332419852,0.10734200332419852
RBBP4|RBBP7,1,0.17378088192892616,
RBPJ|RBPJL,0,0.2974448351007998,0.02480725198807683
RC3H1|RC3H2,0,0.10302560158123356,0.03507430625930774
RCBTB1|RCBTB2,0,0.04612084698686783,
RECK|TTC7A,0,0.0931171379421498,0.0931171379421498
RECK|UMPS,0,1.129039269020855,1.129039269020855
RGS19|S1PR4,0,0.06977454871423118,
RHBDF1|RHBDF2,0,0.23022610359421547,0.03154914757041902
RHOT1|RHOT2,1,0.15495931641739838,0.07628469145111005
RIC8A|RIC8B,0,0.06185625594046528,
RIMKLB|TTC7A,0,0.4168710079472673,
RING1|RNF2,1,0.08279108998122958,
RNF103|RNF130,0,0.1056488017473454,0.08663117201417189
RNF113A|RNF113B,0,0.02087674252456745,
RNF125|TRIM25,0,,
RNF144A|RNF144B,0,0.04302865835731867,
RNF20|RNF40,1,0.2196965781599911,0.13680083622855393
RNF38|RNF44,0,0.11164988911400288,
RPL3|RPL3L,0,0.2304828086247408,0.2304828086247408
RPP14|RPP21,0,,
RPRD1A|RPRD1B,1,,
RRAGC|RRAGD,1,0.21436503923396788,
RRM1|TYMS,0,0.40438085843060145,
RSBN1|RSBN1L,0,0.09568821498216142,0.0753720887144258
RSC1A1|SUSD1,0,0.1076659892774842,
RYBP|YAF2,0,0.013100974149965666,
SAFB2|SFPQ,0,0.1834594666893734,0.1834594666893734
SAMD4A|SAMD4B,1,0.1034194055147108,
SAP30|SAP30L,0,0.04152951097866381,0.04152951097866381
SAR1A|SAR1B,1,0.012981753264312171,0.012981753264312171
SAR1A|SEC23A,0,0.1839937960333606,0.1839937960333606
SBF1|SBF2,0,0.0657408623051683,0.050381332224975886
SBNO1|SBNO2,0,0.46828991284674526,0.37606144477721903
SEC11A|SEC11C,1,,
SEC23A|SEC23B,1,0.5235726757209929,
SEC31A|SEC31B,0,0.20284065099118645,0.20284065099118645
SEPHS1|SEPHS2,1,0.37344705608393447,
SF1|TCERG1,0,0.44195400936279805,0.44195400936279805
SF3A1|SNRPB2,0,0.7875483513098053,0.01414558397096477
SHMT1|SHMT2,1,0.03477820988345168,0.03477820988345168
SIK2|STRADA,0,0.0909483030731299,0.07773173062340363
SIN3A|SIN3B,0,0.1473609904156965,0.07522181131936179
SIRPA|TREM2,0,0.11223613886064382,0.11223613886064382
SIRPA|TYROBP,0,0.03608389345044041,0.03608389345044041
SLC11A1|SLC11A2,0,0.11317886792576017,
SLC25A15|SLC25A2,0,0.14045347879568415,0.1346992975683139
SLC25A24|SLC25A25,0,0.12842511213562635,
SLC25A28|SLC25A37,1,0.25368011652342354,
SLC35F3|SLC35F4,0,0.0919224489781428,
SLC9A3R1|SLC9A3R2,0,,
SMAP1|SMAP2,0,0.02989740286289691,
SMARCA2|SMARCA4,1,0.7096838101792589,0.5401064041969835
SMARCC1|SMARCC2,1,0.23143978206391008,0.015615754858564673
SMC1A|SMC1B,0,0.3294662983138741,0.15511999950259514
SNRPB|SNRPN,0,0.23452914314687145,0.23452914314687145
SNX2|SNX6,0,0.11398127665663702,
SOS1|SOS2,1,0.2869614853566426,0.07291560724731216
SPOP|SPOPL,0,0.06902206227833318,
SPTA1|SPTAN1,0,0.11934335754466449,0.016076326948036485
SPTLC2|SPTLC3,0,0.15532959059945198,
SS18|SS18L1,0,0.03944237472529711,
STAM|STAM2,1,0.17095672539662166,0.029243327775692583
STAM|VPS37A,0,0.18604848783924588,0.04864334073386861
STRIP1|STRIP2,1,0.21301651593529003,0.15438887438739196
STT3A|STT3B,1,0.23674367494269122,0.0168060948682211
STX17|ZFYVE19,0,0.016103438908865703,0.016103438908865703
STX4|VIM,0,0.14958199519136556,0.14958199519136556
STX4|ZEB1,0,0.2524492370361819,0.2524492370361819
STX12|STX7,1,0.009253351338537552,
SUV39H1|SUV39H2,0,0.168138123071644,
SYK|ZAP70,0,0.09822775340759292,0.07850269582525547
TAF1|TAF1L,0,0.1744829009095913,0.12288647710958045
TAF9|TAF9B,1,0.0034601595406265895,0.003457878017883942
TANC1|TANC2,0,0.1546829028416662,0.07077913070652243
TBC1D1|TBC1D4,0,0.08523892034290263,0.08523892034290263
TBC1D26|TBC1D28,0,,
TBP|TBPL2,0,,
TIMM23|TIMM23B,1,,
TLN1|TLN2,1,0.4505824891296706,0.07681757910576599
TMEM120A|TMEM120B,0,0.15838608864969012,
TMEM185A|TMEM185B,0,0.19044056598422474,
TMEM30A|TMEM30B,0,0.14302967226433552,
TMEM9|TMEM9B,0,,
TNKS|TNKS2,1,0.14292350866689293,0.0284248234275029
TNPO1|TNPO2,1,0.2718523105598882,
TOB1|TOB2,0,0.09073126229290969,
TOMM22|TOMM40,0,0.19756466718174304,
TOMM40|TOMM40L,0,0.008895736687276945,
TOP1|TOP1MT,0,0.19307317376879074,0.03403197336083297
TOP2A|TOP2B,0,0.8186108682357731,0.14354268588622252
TPST1|TPST2,0,0.1686334290737272,0.015845493652504643
TRAPPC3|TRAPPC3L,0,,
TSG101|VPS37A,1,0.21315851606046177,
TTC23|ZNF34,0,0.045859961726103585,
TTC7A|TTC7B,1,0.19070808385809548,0.01763875272024759
TUBB|TUBB4B,1,,
TUBB2A|TUBB4B,0,,
TUBB2B|TUBB4B,0,,
UAP1|UAP1L1,1,0.24026407604347846,
ULK1|ULK2,0,0.14836915394428388,0.018314810114148393
UNC119|UNC119B,0,0.005155847018556228,
UNC45A|UNC45B,0,0.12103273992346869,0.12103273992346869
USP13|USP5,0,0.22607589701063535,0.10400645349615445
UTP14A|UTP14C,0,0.0703978808003271,0.05213297209830481
VANGL1|VANGL2,0,0.036872596337778424,0.036872596337778424
VPS26A|VPS26B,0,0.23293235073202495,0.23293235073202495
WAS|WASL,0,0.054368471576413335,0.054368471576413335
WRN|ZNF284,0,0.18724383457983,0.020499515485592895
XRCC4|XRCC6,1,0.041177758451479585,
XYLT1|XYLT2,0,0.2612657717671783,0.06498806508560079
YIF1A|YIF1B,0,,
YIPF5|YIPF7,0,0.08744512894298573,0.08744512894298573
ZDHHC13|ZDHHC17,0,0.19719584382840633,0.05218668559329647
ZMIZ1|ZMIZ2,0,0.17195204442411943,0.1346449137216548
ZNF146|ZNF260,0,0.07132797212514932,
ZNF185|ZNF418,0,0.18970863345613412,0.023599559289607098
ZNF423|ZNF521,0,0.12303300455992393,0.10538655624543203
